Producto,Descripcion,Enlace,Response
Millet,"Mueble de baño empotrable, Lavabo de resina, Monomando chico, contra de push automático, Cajón de cierre lento, Espejo con marco | 58 x 48 cm, Luna de 3mm | 50 x 40 cm, Color: Seda Giorno, Dimensiones: 48 x 43.5 x 42 cm",https://kana.lat/tienda/medianos/millet/,"Kaná presenta Millet, el mueble para baño perfecto para tu hogar. Esta comoda para baño es ideal para lavamanos y lavabos de baño, hecha de madera para una durabilidad y estilo excepcional. Su monomando chico, contra de push automático y cajón de cierre lento ofrecen una experiencia de uso óptima. Además, el espejo con marco de 58 x 48 cm, la luna de 3mm y 50 x 40 cm, y el color Seda Giorno, hacen de Millet una excelente opción para tus muebles para baño. Las dimensiones de Millet son 48 x 43.5 x 42 cm, y la instalación de Simplo hace que sea una opción fácil de instalar."
Dalí,"Mueble de baño, Ovalín de cristal, Monomando alto, contra de push automático, Toallero frontal, 1 Repisa interior, Espejo con marco | 38 x 58 cm, Luna de 3mm | 30 x 50 cm, Color: Lombardía, Dimensiones: 33 x 46.5 x 77 cm",https://kana.lat/tienda/pequeno/dali/,"Dalí es una moderna y práctica solución para tu baño, con muebles para lavabo de baño, muebles de madera para baño y muebles para lavamanos, todos con un diseño único y elegante. Esta solución de baño cuenta con un Ovalín de cristal, un Monomando alto, una contra de push automática, un Toallero frontal, una Repisa interior, un Espejo con marco de 38 x 58 cm y una Luna de 3mm de 30 x 50 cm. Está fabricado en la marca Kaná con un color Lombardía y dimensiones de 33 x 46.5 x 77 cm. Además, la instalación de Simplo es fácil y rápida. Con Dalí podrás disfrutar de una comoda para baño moderna y práctica."
Siqueiros,"Mueble de baño con base metálica en placa de solera de acero de 1 1/2” color gris obscuro | 80 x 46 x 90 cm, <p>, <br/>, <br/>, <br/>, <br/>, <br/>, <br/>",https://kana.lat/tienda/medianos/siqueiros/,"Siqueiros es un mueble para baño de la marca Kaná que ofrece una base metálica en placa de solera de acero de 1 1/2” color gris obscuro. Sus medidas son de 80 x 46 x 90 cm, lo que lo hace perfecto para cualquier espacio. Está diseñado para albergar lavamanos, muebles para lavabo de baño y comodas para baño. Está fabricado con madera de alta calidad, lo que le da un toque de elegancia a cualquier baño. Además, su instalación es sencilla gracias al sistema Simplo. Siqueiros es el mueble para baño perfecto para cualquier hogar."
Ito,"Mueble de baño empotrable, Lavabo de resina, Monomando corto, contra de push automático, Puerta de cierre lento y repisa inferior, Espejo con marco | 58 x 48 cm, Luna de 3mm | 50 x 40 cm, Color: Moscato, Dimensiones: 46.5 x 30 x 57.5 cm",https://kana.lat/tienda/pequeno/ito/,"Ito es una marca Kaná que ofrece muebles para baño de alta calidad. Esta colección especial incluye un lavabo de resina empotrable, un monomando corto, una puerta de cierre lento y una repisa inferior. El espejo incluido tiene un marco de 58 x 48 cm y una luna de 3 mm de 50 x 40 cm. El color es Moscato y sus dimensiones son 46.5 x 30 x 57.5 cm. Estos muebles para lavabo de baño son ideales para cualquier baño, ya que combinan muebles de madera con una instalación de Simplo. Además, esta colección también incluye comodas para baño, lo que los hace perfectos para un baño con lavamanos. Los muebles para baño con lavabo Ito son una excelente opción para aquellos que buscan un lujo moderno y duradero."
Monet,"Mueble de baño empotrable, Lavabo de cerámica, Monomando corto, contra de push automático Repisa superior derecha 2 cajones horizontales de cierre lento, Espejo con marco | 78 x 58 cm, Luna de 3mm | 70 x 50 cm, Color: Riviera, Teka Ártico, Dimensiones: 89.5 x 46 x 50 cm, </div>",https://kana.lat/tienda/grandes/monet/,"Monet de Kaná es un mueble para baño moderno y elegante. Está hecho de madera para lavabo de baño, con una instalación de Simplo para una fácil instalación. Cuenta con un lavabo de cerámica, un monomando corto, una repisa superior derecha con dos cajones horizontales de cierre lento, un espejo con marco de 78 x 58 cm y una luna de 3mm de 70 x 50 cm. Se caracteriza por su color Riviera y Teka Ártico. Sus dimensiones son 89.5 x 46 x 50 cm, lo que lo hace ideal para muebles para lavamanos, comodas para baño y otros muebles para baño con lavabo."
Tamayo,"Mueble de baño empotrable, Lavabo de resina, Monomando corto, contra de push automático, 2 Cajones de cierre lento, Espejo con marco | 78 x 58 cm, Luna de 3mm | 70 x 50 cm, Color: Teka Ártico, Roble Dakar, Dimensiones: 79 x 48 x 50 cm",https://kana.lat/tienda/medianos/tamayo/,"Tamayo de Kaná es una excelente opción para tus muebles para baño. Está fabricado con madera de teka ártico y roble dakar, lo que le da un aspecto moderno y elegante. Cuenta con un lavabo de resina, monomando corto y contra de push automático, además de 2 cajones de cierre lento. El espejo cuenta con un marco de 78x58 cm y la luna de 3mm mide 70x50 cm. Esta comoda para baño es la perfecta para completar tu instalación de Simplo. Sus dimensiones son 79x48x50 cm, lo que la hace ideal para espacios pequeños. Tamayo de Kaná es la mejor opción para tus muebles para lavabo de baño y muebles para lavamanos."
Gaudí,"Mueble de baño, Lavabo de resina, Monomando corto, contra de push automático, Puerta de cierre lento, 2 Repisas laterales, 1 Repisa inferior, Espejo con marco | 58 x 48 cm, Luna de 3mm | 50 x 40 cm, Color: Roble Provenzal",https://kana.lat/tienda/pequeno/gaudi/,"Gaudí de la marca Kaná es una solución perfecta para el baño. Está diseñado con muebles para lavabo de baño y madera para baño, así como una instalación de Simplo. El lavabo de resina y el monomando corto hacen que sea fácil de usar. La puerta de cierre lento, las dos repisas laterales y la repisa inferior, añaden un toque de práctica y elegante al mueble. El espejo con marco de 58 x 48 cm y la luna de 3mm de 50 x 40 cm, le dan un toque moderno a los muebles para lavamanos y comodas para baño. El color Roble Provenzal lo hace un mueble versátil para cualquier estilo de baño."
Rivera,"Mueble de baño empotrable, Lavabo de cerámica, Monomando corto, contra de push automático, Toallero lateral, Cajón grande y cajón oculto con 3 divisiones interiores de cierre lento, Espejo con marco | 78 x 58 cm, Luna de 3mm | 70 x 50 cm, Color: Teka Ártico, Lombardía",https://kana.lat/tienda/grandes/miguel/,"Rivera de Kaná es una línea de muebles para baño diseñados para ofrecer una experiencia de lujo. Estos muebles para lavabo de baño están hechos de madera de alta calidad y se combinan con un lavamanos de cerámica, un monomando corto y un contra de push automático. Además, el mueble incluye un toallero lateral, un cajón grande y un cajón oculto con 3 divisiones interiores de cierre lento. Para completar la experiencia, también se incluye un espejo con marco de 78 x 58 cm, una luna de 3mm de 70 x 50 cm y un color Teka Ártico. Esta línea de comodas para baño es ideal para aquellos que desean una instalación de Simplo y una experiencia de lujo en sus baños."
Ucello,"Mueble de baño empotrable, Lavabo de cerámica, Monomando mediano, contra de push automático, Cajón de cierre lento, 2 Repisas derechas, Espejo con marco | 78 x 58 cm, Luna de 3mm | 70 x 50 cm, Color: Roble Provenzal, Roble",https://kana.lat/tienda/grandes/ucello/,"Ucello es una marca de muebles para baño de Kaná que ofrece una gran variedad de muebles para lavabo de baño. Está fabricado con madera de Roble Provenzal y Roble para darle un toque moderno y elegante. El lavabo de cerámica, el monomando mediano con contra de push automático y el cajón de cierre lento, hacen de este mueble para lavamanos una excelente opción para tu baño. Además, Ucello incluye dos repisas derechas para darle más funcionalidad y espacio de almacenamiento. Finalmente, el espejo con marco de 78 x 58 cm y la luna de 3mm de 70 x 50 cm, completan la instalación de Simplo para tu baño. Ucello es la mejor opción para tus comodas de baño."
Tiziano,"Mueble de baño con base metálica en perfil de acero cuadrado de 3/4” color negro | 80 x 46 x 90 cm, Lavabo de cerámica, Luna de 3mm | 65 cm, Color: Nativa, Monomando corto, contra de push automático, Cajón de cerrado lento, Gabinete con cajón | 80 x 42 x 20 cm, Faldón | 80 x 15 x 15 cm",https://kana.lat/tienda/medianos/tiziano/,"Tiziano es un mueble para baño de la marca Kaná que combina una base metálica en perfil de acero cuadrado de 3/4” de color negro con un lavabo de cerámica y luna de 3mm con una medida de 65 cm. El mueble consta de un monomando corto con contro de push automático, un cajón de cerrado lento y un gabinete con cajón de 80 x 42 x 20 cm. El mueble también cuenta con un faldón de 80 x 15 x 15 cm. Está diseñado para ser una opción moderna y práctica para los muebles de madera para baño, muebles para lavamanos y comodas para baño. La instalación de Simplo le da a Tiziano una gran facilidad de uso, haciendo de este mueble para baño con lavabo una excelente opción para su hogar."
Da Vinci,"Mueble de baño empotrable, Lavabo de cerámica, Monomando alto, contra de push automático, 2 Puertas de cierre lento, Espejo con marco | 58 x 48 cm, Luna de 3mm | 50 x 40 cm, Color: Expresso, Alaska, Dimensiones: 49 x 40 x 50 cm",https://kana.lat/tienda/medianos/da-vinci/,"Da Vinci de Kaná es un mueble para baño ideal para aquellos que buscan una instalación de Simplo. Está hecho con madera de primera calidad, lo que le da una apariencia elegante. Viene con un lavabo de cerámica, un monomando alto y una puerta de cierre lento. El espejo de 58 x 48 cm y la luna de 3 mm de 50 x 40 cm le dan a este mueble un toque moderno. Está disponible en los colores Expresso y Alaska, y sus dimensiones son de 49 x 40 x 50 cm. Esta comoda para baño es perfecta para aquellas personas que quieren combinar funcionalidad con estilo."
Greco,"Mueble de baño empotrable, Lavabo de cerámica, Monomando alto, contra de push automático, Puerta de cierre lento, 2 Repisas inferiores, Espejo con marco | 58 x 48 cm, Luna de 3mm | 50 x 40 cm, Color: Toscana, Dimensiones: 49 x 40 x 42.5 cm",https://kana.lat/tienda/medianos/greco/,"Greco de Kaná es una excelente elección para tus muebles de baño. Está hecho de madera de alta calidad, con un lavabo de cerámica, un monomando alto, una puerta de cierre lento y dos repisas inferiores. El espejo con marco mide 58 x 48 cm, la luna de 3mm mide 50 x 40 cm y el conjunto tiene dimensiones de 49 x 40 x 42.5 cm. Esta es una hermosa instalación de Simplo que hará que tu baño luzca moderno y elegante. Además, el lavamanos Greco es una excelente opción para aquellos que buscan una comoda para baño con un lavabo de calidad."
Miró,"Mueble de baño, Lavabo de resina, Monomando chico, contra de push automático, Puerta de cierre lento con repisa interior, Espejo con marco | 58 x 48 cm, Luna de 3mm | 50 x 40 cm, Color: Ceniza Linoza, Seda Giorno, Dimensiones: 46.5 x 31.5 x 86.5 cm",https://kana.lat/tienda/pequeno/miro/,"Miró es una marca de muebles para baños de Kaná. Es una combinación perfecta entre estilo y diseño. Está fabricado con madera de alta calidad para garantizar la durabilidad y resistencia. El lavabo de la marca Miró es de resina y cuenta con un monomando chico para facilitar su uso. Está equipado con una puerta de cierre lento con repisa interior, así como un espejo de 58 x 48 cm con marco y una luna de 3mm de 50 x 40 cm. El color de Miró es Ceniza Linoza y Seda Giorno. Sus dimensiones son 46.5 x 31.5 x 86.5 cm, lo que lo hace ideal para los muebles para lavabo de baño, muebles para lavamanos, comodas para baño, e incluso para la instalación de Simplo."
Kahlo,"Mueble de baño, Ovalín de cristal y/o resina, Monomando alto, contra de push automático, Puerta de cierre lento con repisa interior, Espejo con marco | 38 x 58 cm, Luna de 3mm | 30 x 50 cm, Color: Expresso, Alaska, Dimensiones: 33 x 32 x 77 cm",https://kana.lat/tienda/pequeno/kahlo/,"Kahlo es un mueble para baño que combina una instalación de Simplo con un diseño moderno y elegante. Está hecho de madera de la más alta calidad, con un acabado en expresso o alaska. Viene con un monomando alto, una puerta de cierre lento y una repisa interior para almacenar tus pertenencias. El lavabo de cristal o resina se encuentra en una forma ovalada, con un espejo de 38x58 cm y una luna de 3mm de 30x50 cm. Esta comoda para baño es una solución perfecta para aquellos que buscan una hermosa combinación de funcionalidad y estilo."
Picasso,"Mueble de baño empotrable, Lavabo de cerámica, Monomando alto, contra de push automático 2 Cajones de cierre lento izquierdo y derecho, Espejo con marco | 58 x 48 cm, Luna de 3mm | 50 x 40 cm, Color: Alaska, Expresso, Dimensiones: 100 x 46 x 40 cm, </div>",https://kana.lat/tienda/grandes/picasso/,"Picasso es un mueble para baño empotrable de la marca Kaná. Está hecho de madera para baño, lo que le da un aspecto moderno y elegante. Viene con un lavabo de cerámica, un monomando alto y una contra de push automático. Tiene dos cajones de cierre lento, uno a la izquierda y otro a la derecha. Además, incluye un espejo con marco de 58 x 48 cm, una luna de 3mm de 50 x 40 cm y un color Alaska o Expresso. Sus dimensiones son 100 x 46 x 40 cm, lo que lo hace ideal para cualquier baño. La instalación de Simplo es muy sencilla y rápida, así que tendrás tu mueble para lavamanos en un abrir y cerrar de ojos. Esta comoda para baño es perfecta para darle un toque moderno y funcional a tu hogar."
Goya,"Mueble de baño empotrable, Lavabo de resina, Monomando corto, contra de push automático, 2 Cajones de cierre lento, 2 Repisas laterales, Espejo con marco | 78 x 58 cm, Luna de 3mm | 70 x 50 cm, Color: Seda Giorno, Lombardía",https://kana.lat/tienda/grandes/goya/,"Goya de Kaná es uno de los mejores muebles para baño que hay en el mercado. Está hecho de madera de la más alta calidad para garantizar la durabilidad y resistencia a la humedad. El lavabo es de resina y cuenta con un monomando corto, un contra de push automático, dos cajones de cierre lento, dos repisas laterales y un espejo con marco de 78 x 58 cm. Además, incluye una luna de 3mm de 70 x 50 cm y está disponible en un color seda Giorno. La instalación de Simplo es sencilla y no requiere herramientas especiales. Esta es una excelente opción para aquellos que buscan muebles para lavamanos, comodas para baño y muebles para baño con lavabo."