Producto,Descripcion,Link,Response
Calentador instantáneo COXDPI-11 B PLENUS Gas L.P.11 L/min,Confort y ahorro al instante con sólo abrir la llave,https://www.llanodelatorre.com.mx/244-134-calentador-instantneo-coxdpi11-b-plenus-gas-lp11-lmin/p,"El Calentador Instantáneo COXDPI-11 B PLENUS Gas L.P.11 L/min de Llano de la Torre es una excelente opción para tu hogar. Esta innovadora tecnología ofrece una instalación de Simplo para un calentador de agua sin complicaciones. El calentador instantáneo es una excelente solución para ahorrar tiempo y energía, ya que no necesitas esperar a que el agua se caliente. El calentador es ideal para usar en un tinaco, lo que lo hace perfecto para uso doméstico. Además, su diseño compacto y moderno se ajusta fácilmente a cualquier espacio. El Calentador Instantáneo COXDPI-11 B PLENUS Gas L.P.11 L/min de Llano de la Torre es la mejor opción para obtener agua caliente al instante."
Calentador de paso COXDP-20 PODERUS Gas Natural 20 L/min,El confort de un calentador de depósito y la rapidez de un instantáneo,https://www.llanodelatorre.com.mx/244-150-calentador-de-paso-coxdp20-poderus-gas-natural-20-lmin/p,"El Calentador de Paso COXDP-20 PODERUS Gas Natural 20 L/min de Llano de la Torre es la mejor opción para aquellos que buscan el confort de un calentador de depósito y la rapidez de un instantáneo. Esta unidad ofrece una capacidad de 20 litros por minuto, proporcionando un suministro constante de agua caliente. Incluye un tinaco de acero inoxidable para almacenar el agua caliente, y la Instalación de Simplo le permite instalarlo fácilmente en cualquier lugar que desee. Esta unidad también cuenta con una válvula de seguridad para prevenir accidentes, y una pantalla LCD para controlar la temperatura. Además, es resistente a la corrosión y los arañazos, lo que lo hace ideal para el uso prolongado. El Calentador de Paso COXDP-20 PODERUS Gas Natural 20 L/min de Llano de la Torre es la mejor opción para aquellos que buscan un calentador de agua de alto rendimiento."
Calentador de paso CDP-06 FL Gas Natural 6 L/min,Tecnología Confort Heat que garantiza agua caliente al momento y sin variaciones de temperatura,https://www.llanodelatorre.com.mx/calentador-cdp-06-fl-gas-nat-6-ltsmin/p,"El Calentador de Paso CDP-06 FL Gas Natural 6 L/min de Llano de la Torre es un calentador de agua de alta eficiencia. Está diseñado para proporcionar agua caliente inmediatamente sin variaciones de temperatura. Está equipado con la tecnología Confort Heat, que asegura un suministro de agua caliente constante. Esta unidad también es ideal para usar con un tinaco, ya que su instalación de Simplo permite una fácil conexión. El diseño compacto y moderno de este calentador de paso le permite ahorrar espacio en su hogar, mientras que su resistencia de acero inoxidable le ofrece una larga vida útil. Disfruta de agua caliente al momento con el Calentador de Paso CDP-06 FL Gas Natural 6 L/min de Llano de la Torre."
Calentador de paso COXDPE-09 PODERUS ADVANCE Gas Natural 9 L/min,El confort de un calentador de depósito y la rapidez de un instantáneo,https://www.llanodelatorre.com.mx/244-180-calentador-de-paso-coxdpe09-poderus-advance-gas-natural-9-lmin/p,"El Calentador de Paso COXDPE-09 PODERUS ADVANCE Gas Natural 9 L/min de Llano de la Torre es la mejor opción para aquellos que buscan un calentador de agua eficiente y moderno. Esta innovadora tecnología permite una instalación de Simplo, lo que significa que no hay necesidad de un tinaco. Ofrece una capacidad de 9 litros por minuto, lo que significa que puedes disfrutar de un suministro de agua caliente inmediato. El diseño moderno y compacto se ajusta a cualquier espacio y ofrece una experiencia de usuario superior. El calentador de paso COXDPE-09 PODERUS ADVANCE Gas Natural 9 L/min de Llano de la Torre es la mejor opción para aquellos que buscan un calentador de agua eficiente y moderno."
Calentador de depósito G-20 MAXIMUS Gas Natural 72 L,El confort que disfruta tu familia,https://www.llanodelatorre.com.mx/244-141-calentador-de-depsito-g20-maximus-gas-natural-72-l/p,"El Calentador de Depósito G-20 MAXIMUS Gas Natural 72 L de Llano de la Torre es una excelente opción para tu hogar. Su diseño es moderno y práctico, con una capacidad de 72 litros, es ideal para una familia de 4 o 5 miembros. El calentador de agua es fácil de instalar y viene con una instalación de Simplo para una instalación sencilla. Su tinaco es resistente y duradero, lo que le asegura una larga vida útil. Además, el calentador de agua G-20 MAXIMUS es una excelente opción para ahorrar energía y disfrutar del confort que tu familia merece."
"Tinaco 500021 Equipado Tricapa 2,500 L",Material fabricado con pelbd (polietileno lineal de baja densidad) de color beige por fuera y blanco por dentro.,https://www.llanodelatorre.com.mx/tinaco-500021-equipado-tricapa-2500-lts/p,"El Tinaco 500021 Equipado Tricapa 2,500 L de Llano de la Torre es un producto de excelente calidad. Está fabricado con pelbd (polietileno lineal de baja densidad) de color beige por fuera y blanco por dentro. Es perfecto para la instalación de Simplo, ya que viene equipado con un calentador de agua para ofrecerte una experiencia de calidad. Es una solución muy práctica para guardar y almacenar el agua, ya que su capacidad de 2,500 litros permite almacenar grandes cantidades de agua. Además, su diseño moderno y resistente lo hace ideal para usarlo en exteriores. Está hecho con materiales de primera calidad para garantizar una larga durabilidad. El Tinaco 500021 Equipado Tricapa 2,500 L de Llano de la Torre es el producto perfecto para satisfacer todas tus necesidades de almacenamiento de agua."
Calentador Instantáneo CIN-13 B Gas L.P. 13 L/min,"Calentador instantáneo, agua caliente al abrir la llave, así de fácil",https://www.llanodelatorre.com.mx/calentador-cin-13-b-instantaneo-gas-lp-13-ltsmin/p,"El Calentador Instantáneo CIN-13 B Gas L.P. 13 L/min de Llano de la Torre es un calentador de agua de alta tecnología, que ofrece una experiencia de agua caliente al abrir la llave. Es ideal para instalar en un tinaco para que toda la familia disfrute de agua caliente al momento. El proceso de instalación es muy sencillo gracias a la tecnología Simplo, que permite una instalación rápida y sencilla. Su diseño compacto y moderno, además de su alta eficiencia, lo hacen ideal para cualquier hogar. Su sistema de seguridad garantiza que el calentador funcione de forma segura y sin problemas. El Calentador Instantáneo CIN-13 B Gas L.P. 13 L/min de Llano de la Torre es la mejor opción para disfrutar de agua caliente al instante."
Calentador C-101 Gas Natural,"Tendrás agua caliente siempre, aún en los días más fríos o aunque lo instales a más de 10 m de la regadera",https://www.llanodelatorre.com.mx/calentador-c-101-gas-nat/p,"El Calentador C-101 Gas Natural de Llano de la Torre es un calentador de agua que garantiza un suministro de agua caliente ininterrumpido, incluso en los días más fríos. Está equipado con un tinaco de gran capacidad, que es ideal para familias numerosas. La instalación de Simplo permite una instalación rápida y sencilla sin necesidad de herramientas especializadas. El calentador C-101 Gas Natural de Llano de la Torre es una excelente opción para aquellos que buscan una solución confiable y duradera para su suministro de agua caliente. Está diseñado para resistir los elementos y ofrece una operación de gran rendimiento. Esta unidad también es ideal para aquellos que buscan ahorrar energía y reducir el impacto ambiental."
Calentador COXDPI-24 NAT Linea Gas Natural 24 L/min,"Calentador istantáneo, un baño renovador al instante",https://www.llanodelatorre.com.mx/calentadores-coxdpi-24-nat-linea-gas-nat-24-lts-mi/p,"El Calentador COXDPI-24 NAT Linea Gas Natural 24 L/min de Llano de la Torre es un calentador de agua instantáneo que te ofrece un baño renovador al instante. Su instalación de Simplo te permite conectarlo fácilmente a tu tinaco para un suministro de agua caliente inmediato. Esta tecnología de punta te ofrece una temperatura constante y un flujo de agua caliente constante, lo que te permite disfrutar de un baño cómodo y relajante. El calentador COXDPI-24 NAT Linea Gas Natural 24 L/min es la mejor opción para tu hogar, ya que te ofrece un suministro de agua caliente de forma rápida y eficiente."
Calentador Instantáneo Modulante COXDPI-16 PLENUS ADVANCE Gas L.P 16 L/min,Confort y ahorro al instante con sólo abrir la llave,https://www.llanodelatorre.com.mx/244-167-calentador-instantneo-modulante-plenus-advance-gas-lp-16-lmin/p,"El Calentador Instantáneo Modulante COXDPI-16 PLENUS ADVANCE Gas L.P 16 L/min de Llano de la Torre es una herramienta ideal para obtener un suministro de agua caliente inmediato. Su instalación de Simplo le permite conectarlo a un tinaco sin necesidad de usar tuberías, lo que lo hace ideal para espacios pequeños. Está equipado con un sistema de encendido automático que aumenta el ahorro de gas y una válvula de seguridad para prevenir sobrecalentamiento. Su diseño moderno y compacto permite un fácil almacenamiento y su tecnología avanzada proporciona una calidad de agua caliente superior. Esta herramienta es ideal para su hogar y su negocio."
Calentador de paso CDP-06 FL Gas L.P. 6 L/min,Tecnología Confort Heat que garantiza agua caliente al momento y sin variaciones de temperatura,https://www.llanodelatorre.com.mx/calentador-cdp-06-fl-gas-lp-6-ltsmin/p,"El Calentador de Paso CDP-06 FL Gas L.P. 6 L/min de Llano de la Torre es una excelente opción para tener agua caliente al momento. Está equipado con la tecnología Confort Heat que garantiza un suministro constante de agua caliente sin variaciones de temperatura. Además, viene con un tinaco de almacenamiento de 6 litros por minuto, ideal para satisfacer las necesidades de agua caliente de una familia. Está diseñado para una instalación de Simplo, lo que lo hace fácil de instalar y mantener. Su diseño moderno y sus materiales de primera calidad lo hacen duradero y eficiente para los años venideros."
Calentador BALANZ Gas L.P. 7 L/min,Calentador de tiro forzado con ventilador que garantiza la salida de gases de combustión,https://www.llanodelatorre.com.mx/calentador-balanz-gas-lp-7-ltmin/p,"El Calentador BALANZ Gas L.P. 7 L/min de Llano de la Torre es un calentador de agua de tiro forzado con ventilador que garantiza la salida de gases de combustión. Se puede instalar en un tinaco para una instalación de Simplo y ofrece una capacidad de 7 litros por minuto. Su diseño moderno y compacto ahorra espacio y se adapta a cualquier estilo de baño. Su sistema de encendido electrónico asegura una operación segura y fácil, mientras que su ventilador de bajo ruido ofrece una operación silenciosa. Está equipado con una válvula de seguridad para prevenir sobrecalentamiento y una válvula de alivio para una operación segura. Esta unidad es una excelente opción para aquellos que buscan un calentador de agua de alta calidad, seguro y fiable."
Calentador de paso COXDPE-09 PODERUS ADVANCE Gas L.P. 9 L/min,El confort de un calentador de depósito y la rapidez de un instantáneo,https://www.llanodelatorre.com.mx/244-181-calentador-de-paso-coxdpe09-poderus-advance-gas-lp-9-lmin/p,"El Calentador de Paso COXDPE-09 PODERUS ADVANCE Gas L.P. 9 L/min de Llano de la Torre es una excelente opción para aquellos que desean disfrutar de la comodidad de un calentador de agua sin tener que instalar un tinaco. Esta innovadora unidad cuenta con un sistema de instalación de Simplo, que permite una fácil instalación sin la necesidad de tener que realizar trabajos de construcción. El calentador de paso cuenta con una tecnología de encendido automático, que permite una calefacción rápida y segura. Además, la unidad cuenta con una capacidad de 9 litros por minuto, lo que le permite proporcionar un suministro de agua caliente de forma ininterrumpida. Esta unidad es una excelente opción para aquellos que desean disfrutar del confort de un calentador de depósito con la rapidez de un instantáneo."
Calentador Instantáneo RHIN-CHL25P Gas L.P.,Nueva línea de calentador instantáneo de tiro forzado para ofrecer agua caliente continua para altas demandas,https://www.llanodelatorre.com.mx/calentador-rhin-chl25p-instant-gas-lp/p,"El Calentador Instantáneo RHIN-CHL25P Gas L.P. de Llano de la Torre es una solución excelente para tu tinaco. Su diseño de tiro forzado te ofrece agua caliente a altas demandas. Esta línea de calentadores instantáneos es fácil de instalar con la instalación de Simplo. Estos calentadores de agua están equipados con una válvula de seguridad para garantizar una operación segura. El calentador de agua RHIN-CHL25P también cuenta con una carcasa de acero inoxidable para una mayor durabilidad. Esta línea de calentadores instantáneos es ideal para uso doméstico, ofreciendo agua caliente sin interrupciones."
Calentador de paso COXDP-06 PODERUS Gas Natural 6 L/min,El confort de un calentador de depósito y la rapidez de un instantáneo,https://www.llanodelatorre.com.mx/244-143-calentador-de-paso-coxdp06-poderus-gas-natural-6-lmin/p,"El Calentador de Paso COXDP-06 PODERUS Gas Natural 6 L/min de Llano de la Torre es una innovadora solución para la instalación de agua caliente en tu hogar. Combina la comodidad de un calentador de depósito con la rapidez de un instantáneo, para que puedas disfrutar de un baño caliente al momento. Esta innovadora solución de calentamiento de agua incluye un tinaco de 6 litros por minuto, lo que significa que podrás disfrutar de una ducha caliente sin tener que esperar. La instalación de Simplo garantiza una rápida conexión a los servicios de gas natural, lo que significa que tendrás agua caliente en cuestión de minutos. El Calentador de Paso COXDP-06 PODERUS Gas Natural 6 L/min de Llano de la Torre es la mejor opción para un baño cálido sin esperas."
Calentador C-101 Gas L.P.,"Tendrás agua caliente siempre, aún en los días más fríos o aunque lo instales a más de 10 m de la regadera",https://www.llanodelatorre.com.mx/calentador-c-101--boilers-gas-lp/p,"El Calentador C-101 Gas L.P. de la marca Llano de la Torre es un calentador de agua de gran calidad. Está diseñado para ser colocado en el tinaco para proporcionar agua caliente en cualquier momento. Su instalación es sencilla gracias al sistema de Simplo. Su diseño moderno y compacto le permite ahorrar espacio y su tecnología avanzada le proporciona un rendimiento óptimo. Su seguridad se incrementa gracias a su sistema de control de temperatura que evita el sobrecalentamiento. También es resistente a la corrosión y al desgaste, lo que permite una larga vida útil. El Calentador C-101 Gas L.P. es la mejor opción para aquellos que buscan un calentador de agua de alta calidad y rendimiento."
Coflex para calentador AB-G60 60 cm,"Conector flexible para boiler flujo mayor 1/2"" F.I.P. X 3/4"" N.P.T.",https://www.llanodelatorre.com.mx/coflex-ab-g60-pboiler-60cm/p,"El Coflex para calentador AB-G60 60 cm de Llano de la Torre es un producto ideal para tu calentador de agua. Está diseñado para facilitar la instalación del calentador de agua al tinaco, con una conexión de 1/2"" F.I.P. a 3/4"" N.P.T., lo que hace que sea perfecto para una instalación de Simplo. Esta conexión flexible es ideal para conectar el calentador de agua al tinaco, ya que garantiza que el flujo de agua sea mayor. Está hecho de materiales de alta calidad para una mayor durabilidad y resistencia a la corrosión. Las conexiones se ajustan perfectamente para una instalación segura y sin fugas. El Coflex para calentador AB-G60 60 cm de Llano de la Torre es la mejor opción para tu calentador de agua."
Calentador instantáneo COXDPI-07 B PLENUS Gas Natural 7 L/min,Confort y ahorro al instante con sólo abrir la llave,https://www.llanodelatorre.com.mx/244-132-calentador-instantneo-coxdpi07-b-plenus-gas-natural-7-lmin/p,"El calentador instantáneo COXDPI-07 B PLENUS Gas Natural 7 L/min de Llano de la Torre es un calentador de agua de última generación que te ofrece el máximo confort y ahorro al instante. Su instalación de Simplo es fácil y rápida, y te permite ahorrar tiempo y dinero. Está diseñado para usarse con un tinaco, lo que te permite tener agua caliente sin importar donde estés. Su tecnología avanzada te garantiza una temperatura constante y un flujo de agua perfecto, y su diseño moderno se adapta fácilmente a cualquier ambiente. El calentador instantáneo COXDPI-07 B PLENUS Gas Natural 7 L/min de Llano de la Torre es la mejor opción para disfrutar de agua caliente sin preocupaciones."
Calentador de paso COXDPE-06 Gen. 3 Gas L.P. 6 L/min,El confort de un calentador de depósito y la rapidez de un instantáneo,https://www.llanodelatorre.com.mx/calentador-coxdpe-06-gen-3-gas-lp-6-ltsmin/p,"El Calentador de Paso COXDPE-06 Gen. 3 Gas L.P. 6 L/min de Llano de la Torre es un producto de gran calidad que ofrece el confort de un calentador de depósito y la rapidez de un calentador instantáneo. Está diseñado para una instalación de Simplo, lo que significa que es una opción práctica y fácil de instalar. El calentador de agua es ideal para un tinaco de 6L/min, lo que lo hace una solución perfecta para el suministro de agua caliente en el hogar. Su diseño moderno y resistente lo hace perfecto para un uso a largo plazo, ofreciendo al usuario una experiencia de calidad. Su tecnología avanzada garantiza un suministro constante de agua caliente, haciendo que sea la mejor opción para satisfacer todas sus necesidades de agua caliente."
Calentador de depósito G-60 MAXIMUS Gas L.P. 200 L,El confort que disfruta tu familia,https://www.llanodelatorre.com.mx/244-149-calentador-de-depsito-g60-maximus-gas-lp-200-l/p,"El Calentador de Depósito G-60 MAXIMUS Gas L.P. 200 L de Llano de la Torre es la solución ideal para tu hogar. Esta innovadora tecnología te permite disfrutar del confort de un calentador de agua sin preocuparte por la instalación. El tinaco de 200 litros es fácil de instalar con la ayuda de la instalación de Simplo. Su diseño moderno y funcionalidad óptima te permitirán disfrutar de un agua caliente sin problemas. El Calentador de Depósito G-60 MAXIMUS Gas L.P. 200 L es un producto confiable y eficiente, diseñado para ofrecer a tu familia una experiencia cómoda y segura."
Calentador de depósito G-40 MAXIMUS Gas Natural 132 L,El confort que disfruta tu familia,https://www.llanodelatorre.com.mx/244-147-calentador-de-depsito-g40-maximus-gas-natural-132-l/p,"El calentador de agua G-40 MAXIMUS Gas Natural 132 L de Llano de la Torre es la mejor solución para disfrutar del confort de tu familia. Está diseñado para ser instalado en un tinaco, permitiendo una instalación de Simplo. Su tecnología de encendido automático asegura que el agua se caliente de forma rápida y eficiente. Cuenta con un control de temperatura digital y una pantalla LCD para una visualización clara de la temperatura. Está equipado con una válvula de seguridad y una válvula de alivio de presión para proteger tu hogar. El calentador de agua G-40 MAXIMUS Gas Natural 132 L de Llano de la Torre es la mejor opción para mantener el confort de tu familia."
Calentador de paso COXDP-11 PODERUS Gas Natural 11 L/min,El confort de un calentador de depósito y la rapidez de un instantáneo,https://www.llanodelatorre.com.mx/244-145-calentador-de-paso-coxdp11-poderus-gas-natural-11-lmin/p,"El Calentador de Paso COXDP-11 PODERUS Gas Natural 11 L/min de Llano de la Torre es una excelente opción para aquellos que buscan un calentador de agua que ofrezca el confort de un tinaco y la rapidez de un calentador instantáneo. Esta marca ofrece una instalación de Simplo, lo que significa que la instalación es sencilla y segura. El calentador de paso tiene una capacidad de 11 litros por minuto, lo que significa que el agua se calienta rápidamente y se mantiene caliente durante mucho tiempo. La tecnología de encendido con un solo botón ofrece una operación sencilla y la pantalla LCD le permite ver la temperatura del agua. El calentador de paso es una excelente opción para aquellos que buscan un calentador de agua confiable, eficiente y fácil de usar."
Calentador de paso COXDPE-11 PODERUS ADVANCE Gas L.P. 11 L/min,El confort de un calentador de depósito y la rapidez de un instantáneo,https://www.llanodelatorre.com.mx/244-179-calentador-de-paso-coxdpe11-poderus-advance-gas-lp-11-lmin/p,"El Calentador de Paso COXDPE-11 PODERUS ADVANCE Gas L.P. 11 L/min de Llano de la Torre es una excelente opción para aquellos que buscan el confort de un calentador de depósito con la rapidez de un instantáneo. Su diseño moderno y su instalación de Simplo lo hacen una opción ideal para tu tinaco. Esta unidad cuenta con una capacidad de 11 litros por minuto, lo que garantiza que tendrás agua caliente rápidamente y sin esperas. Su sistema de encendido de piloto automático lo hace seguro y fácil de usar. El Calentador de Paso COXDPE-11 PODERUS ADVANCE Gas L.P. 11 L/min es la mejor opción para satisfacer tus necesidades de agua caliente."
Calentador Instantáneo Modulante COXDPI-14 PLENUS ADVANCE Gas L.P. 14 L/min,Confort y ahorro al instante con sólo abrir la llave,https://www.llanodelatorre.com.mx/244-185-calentador-instantneo-modulante-coxdpi14-lp-gas-lp-14-lmin/p,"El Calentador Instantáneo Modulante COXDPI-14 PLENUS ADVANCE Gas L.P. 14 L/min de Llano de la Torre es una solución eficiente de calentamiento de agua. Su instalación de Simplo lo hace ideal para usar con un tinaco, ofreciendo un confort inmediato al abrir la llave. Esta tecnología modulante permite un ahorro del 20% en el consumo de gas, además de una temperatura estable y constante. Su diseño compacto, con una carcasa de acero inoxidable, lo hace resistente al paso del tiempo. Su sistema de seguridad con doble válvula de paso evita fugas de gas. El Calentador Instantáneo Modulante COXDPI-14 PLENUS ADVANCE Gas L.P. 14 L/min es la mejor opción para tener agua caliente sin preocupaciones."
Calentador RHHR-MX-06N/632971 R.R. Gas Natural 6 L,"Agua caliente continua, sin restricciones por presión o flujo de agua. Más agua caliente, para familias modernas y activas",https://www.llanodelatorre.com.mx/calentador-rhhr-mx-06n632971-rr-gas-nat-6lt/p,"El Calentador RHHR-MX-06N/632971 R.R. Gas Natural 6 L de Llano de la Torre es la mejor solución para obtener agua caliente en tu hogar. Su instalación de Simplo lo hace ideal para cualquier tinaco, ofreciendo un flujo de agua caliente constante sin restricciones por presión. Esto lo hace perfecto para familias modernas y activas que necesitan una mayor cantidad de agua caliente. Además, su diseño compacto y resistente a la corrosión lo hace ideal para cualquier entorno. El Calentador RHHR-MX-06N/632971 R.R. Gas Natural 6 L de Llano de la Torre es la mejor opción para obtener agua caliente en tu hogar."
Calentador Easy Control Gas Natural 26 L,Mayor capacidad y mayor confort con el nuevo calentador instantáneo Easy Control que brinda hasta 26 l/min de agua caliente,https://www.llanodelatorre.com.mx/calentador-easy-control-gas-nat-26lt/p,"El Calentador de Agua Easy Control de Llano de la Torre es un producto innovador que ofrece hasta 26 l/min de agua caliente al alcance de tu mano. Está equipado con un tinaco de almacenamiento de gran capacidad para un suministro continuo de agua caliente. Su instalación de Simplo es fácil y segura, lo que le permite ahorrar tiempo y esfuerzo. El calentador de agua cuenta con un sistema de control de temperatura para asegurar que siempre obtenga el mejor rendimiento. Además, su diseño moderno y su estilo atractivo lo hacen perfecto para cualquier espacio. El Calentador de Agua Easy Control de Llano de la Torre es un producto de calidad que ofrece una experiencia única y un rendimiento excepcional."
Calentador Básico Instantáneo CIN-06 Gas Natural,"Ahorra hasta 70% de gas, ya que enciende al momento de abrir la llave de agua caliente, y se apaga al cerrarla",https://www.llanodelatorre.com.mx/calentador-cin-06-basico-instantaneo-gas-nat/p,"El Calentador Básico Instantáneo CIN-06 Gas Natural de Llano de la Torre es un calentador de agua ideal para tu tinaco, con una instalación de Simplo que te ahorra hasta 70% de gas. Esto se debe a que enciende al momento de abrir la llave de agua caliente y se apaga al cerrarla. Esta innovadora tecnología también reduce el tiempo de espera para obtener agua caliente, lo que te ahorra tiempo y energía. Está equipado con una pantalla LCD para que puedas ver la temperatura y controlar el uso de energía. El diseño compacto y moderno de este calentador de agua se adapta a cualquier espacio y su construcción de alta calidad garantiza una larga vida útil. ¡El Calentador Básico Instantáneo CIN-06 Gas Natural de Llano de la Torre es la solución perfecta para tus necesidades de agua caliente!"
Calentador Instantáneo RHIN-CHL16N Gas Natural,"Agua caliente continua, sin restricciones por presión o flujo de agua. Más agua caliente, para familias modernas y activas",https://www.llanodelatorre.com.mx/calentador-rhin-chl16n-instantaneo-gas-nat/p,"El Calentador Instantáneo RHIN-CHL16N Gas Natural de Llano de la Torre es una excelente opción para aquellos que buscan un calentador de agua eficiente y de calidad. Está diseñado para proporcionar agua caliente sin restricciones por presión o flujo de agua. Esta innovadora tecnología le permite aprovechar al máximo el tinaco, sin preocuparse por la presión de agua. La instalación de Simplo es rápida y fácil, lo que significa que no hay necesidad de llamar a un profesional para la instalación. El Calentador Instantáneo RHIN-CHL16N Gas Natural es perfecto para familias modernas y activas que necesitan un suministro constante de agua caliente."
Calentador Todo Terreno RHAR-48 Gas Natural 48 L,"Con cualquier clima, sin importar el tipo de agua, con distancias largas, familias grandes o pequeñas",https://www.llanodelatorre.com.mx/calentador-rhar-48-todo-terreno-gas-nat-48-lts/p,"El Calentador de Agua Todo Terreno RHAR-48 Gas Natural 48 L de Llano de la Torre es una solución confiable para todas tus necesidades de calentamiento. Su instalación es sencilla y segura gracias al sistema de Instalación Simplo, que garantiza un montaje sencillo y rápido. Su capacidad de 48 litros es ideal para grandes familias, y su sistema de encendido y apagado automático lo hace perfecto para aquellos que viajan mucho. Además, su diseño resistente al agua lo hace perfecto para cualquier tipo de tinaco. Este calentador de agua es una solución confiable para todas tus necesidades de calentamiento, y es ideal para uso tanto doméstico como comercial."
"Tinaco Aquaplas Equipado Tricapa Beige 2,500 L",Fabricados con triple capa de polietileno de alto desempeño. Sus capas adicionales le dan resistencia y protegen el agua de la luz ultravioleta,https://www.llanodelatorre.com.mx/tinaco-aquaplas-equipado-tricapa-beige-2500-lt/p,"El Tinaco Aquaplas Equipado Tricapa Beige 2,500 L de Llano de la Torre es el mejor equipo para tu calentador de agua. Está fabricado con una triple capa de polietileno de alto desempeño para mayor resistencia y protección del agua de la luz ultravioleta. El tinaco se instala con facilidad gracias a la instalación de Simplo, mientras que su capacidad de 2,500 litros te proporciona la cantidad de agua necesaria para todas tus necesidades. Su diseño moderno y resistente hará que tu calentador de agua se vea increíble. El Tinaco Aquaplas Equipado Tricapa Beige 2,500 L de Llano de la Torre es la mejor opción para tu hogar."
Calentador de depósito G-10 MAXIMUS Gas L.P. 38 L,El confort que disfruta tu familia,https://www.llanodelatorre.com.mx/244-151-calentador-de-depsito-g10-maximus-gas-lp-38-l/p,"El Calentador de Depósito G-10 MAXIMUS Gas L.P. 38 L de Llano de la Torre ofrece la mejor solución para el calentamiento de agua para tu hogar. Su instalación de Simplo, hace que sea fácil de instalar y usar. Está diseñado para satisfacer tus necesidades de agua caliente sin importar el tamaño de tu tinaco. Su capacidad de 38 litros, ofrece suficiente agua caliente para toda tu familia. Su tecnología de encendido automático, lo hace seguro y fácil de usar. El G-10 MAXIMUS es una excelente opción para mantener tu hogar caliente y acogedor."
Calentador BALANZ VENTO 20 LGas Natural Blanco,Calentador de agua instantaneo Balanza Vento,https://www.llanodelatorre.com.mx/calentador-balanz-vento-20-lt-blanco-gas-nat/p,"El Calentador BALANZ VENTO 20 LGas Natural Blanco de Llano de la Torre es un calentador de agua instantaneo ideal para uso doméstico. Esta unidad está fabricada para una instalación de Simplo y viene con un tinaco de 20 litros. El calentador de agua BALANZ VENTO 20 LGas Natural Blanco de Llano de la Torre incluye una válvula de seguridad, una válvula de control de temperatura, un termostato y una pantalla LCD para una fácil visualización de la temperatura del agua. Esta unidad es resistente a la corrosión y ofrece un rendimiento de calentamiento óptimo. Además, es una unidad eficiente energéticamente que se puede instalar en cualquier lugar de la casa. Esta unidad es una excelente opción para satisfacer tus necesidades de calentamiento de agua."
Tinaco Aquaplas Equipado Tricapa Beige 450 L,Fabricados con triple capa de polietileno de alto desempeño. Sus capas adicionales le dan resistencia y protegen el agua de la luz ultravioleta,https://www.llanodelatorre.com.mx/tinaco-aquaplas-equipado-tricapa-beige-450-lt/p,"El Tinaco Aquaplas Equipado Tricapa Beige 450 L de Llano de la Torre es el mejor aliado para tu instalación de Simplo. Está fabricado con una triple capa de polietileno de alto desempeño que le da resistencia y protege el agua de la luz ultravioleta. Esta innovadora tecnología ofrece la mejor calidad y durabilidad para tu calentador de agua. El tinaco está equipado con un sistema de presión de aire que asegura que el agua llegue a los grifos con la presión adecuada. Además, es resistente a los golpes, la corrosión y los cambios de temperatura, lo que lo hace ideal para uso doméstico. Es un producto seguro, confiable y de larga duración."
Calentador de paso COXDPE-06 PODERUS ADVANCE Gas Natural 6 L/min,El confort de un calentador de depósito y la rapidez de un instantáneo,https://www.llanodelatorre.com.mx/244-182-calentador-de-paso-coxdpe06-poderus-advance-gas-natural-6-lmin/p,"El Calentador de paso COXDPE-06 PODERUS ADVANCE Gas Natural 6 L/min de Llano de la Torre es una excelente opción para aquellos que buscan una instalación de Simplo y un calentador de agua que ofrezca confianza y seguridad. Esta unidad de 6 litros por minuto ofrece una calidad de agua caliente sin tener que instalar un tinaco. Su tecnología avanzada le permite calentar el agua de forma rápida y eficiente, disfrutando de un agua caliente en tan solo unos segundos. Su diseño compacto y moderno se adapta a cualquier espacio, y su fácil instalación la hace ideal para cualquier hogar. Esta unidad es una excelente opción para aquellos que buscan un calentador de agua seguro, eficiente y duradero."
Calentador de paso COXDP-09 PODERUS Gas L.P. 9 L/min,El confort de un calentador de depósito y la rapidez de un instantáneo,https://www.llanodelatorre.com.mx/244-156-calentador-de-paso-coxdp09-poderus-gas-lp-9-lmin/p,"El Calentador de Paso COXDP-09 PODERUS Gas L.P. 9 L/min de Llano de la Torre es el mejor producto para obtener el confort de un calentador de depósito unido a la rapidez de un instantáneo. Está diseñado para una instalación de Simplo, lo que significa que no requiere de un tinaco para su funcionamiento. Este calentador de agua es ideal para aquellos que buscan una solución rápida y eficiente para el suministro de agua caliente. Está equipado con una válvula de seguridad, una válvula de control de presión y una válvula de control de temperatura, para garantizar la seguridad de su uso. Su sistema de encendido automático lo hace fácil de usar y su capacidad de 9 litros por minuto lo hace ideal para el uso diario."
Calentador de paso COXDP-15 Gas Natural 15 L/min,El confort de un calentador de depósito y la rapidez de un instantáneo,https://www.llanodelatorre.com.mx/calentador-coxdp-15-gas-nat-15-lts--m-a/p,"El Calentador de Paso COXDP-15 Gas Natural 15 L/min de Llano de la Torre es la mejor opción para aquellos que buscan una opción de calentador de agua que ofrezca el confort de un tinaco y la rapidez de un instantáneo. Esta innovadora solución es ideal para aquellos que buscan una instalación de Simplo, ya que no requiere de una instalación complicada. Su tecnología avanzada permite que el agua se caliente rápidamente y de forma eficiente, ahorrando energía y dinero. Además, su diseño compacto y moderno se adapta a la decoración de cualquier hogar. El Calentador de Paso COXDP-15 Gas Natural 15 L/min de Llano de la Torre es la mejor opción para aquellos que buscan una solución de calentador de agua rápida, eficiente y fácil de instalar."
Calentador de depósito G-30 MAXIMUS Gas Natural 103 L,El confort que disfruta tu familia,https://www.llanodelatorre.com.mx/244-153-calentador-de-depsito-g30-maximus-gas-natural-103-l/p,"El Calentador de Depósito G-30 MAXIMUS Gas Natural 103 L de Llano de la Torre es una excelente opción para tu hogar. Esta innovadora tecnología de calentador de agua ofrece una gran cantidad de beneficios, como un tinaco de gran capacidad, una instalación rápida y segura de Simplo, y una excelente eficiencia energética. Esta solución de calentamiento de agua es una excelente opción para familias que buscan tener una fuente de agua caliente sin tener que preocuparse por los costos elevados de la electricidad. Con la instalación de Simplo, el G-30 MAXIMUS ofrece una solución fácil y segura para el abastecimiento de agua caliente para el hogar. Además, su tinaco de 103 litros ofrece la capacidad de almacenar una gran cantidad de agua caliente para satisfacer las necesidades de tu familia. Con el Calentador de Depósito G-30 MAXIMUS Gas Natural 103 L de Llano de la Torre, tu familia disfrutará de un confort sin igual."
Calentador RHS-G-20 Standard Gas Natural 76 L (20 Gal.),"Agua caliente a temperatura estable a la medida de cualquier necesidad, gracias a su calidad, eficiencia y durabilidad",https://www.llanodelatorre.com.mx/calentador-rhs-g-20-standard-gas-nat-76lts20ga/p,"El Calentador RHS-G-20 Standard Gas Natural 76 L (20 Gal.) de Llano de la Torre es un calentador de agua de uso doméstico ideal para instalar en el tinaco. Está diseñado para proporcionar agua caliente de forma estable y segura, alcanzando temperaturas constantes. Su instalación es de Simplo, lo cual significa que no es necesario realizar una instalación compleja para su funcionamiento. Su capacidad de 76 litros (20 galones) es suficiente para satisfacer las necesidades domésticas. Está fabricado con materiales de alta calidad para garantizar su eficiencia y durabilidad. Sus características lo hacen ideal para cualquier hogar que requiera un calentador de agua de alta calidad."
"Tinaco 500019 Equipado Tricapa 1,100 L",Material fabricado con pelbd (polietileno lineal de baja densidad) de color beige por fuera y blanco por dentro.,https://www.llanodelatorre.com.mx/tinaco-500019-equipado-tricapa-1100-lts/p,"El Tinaco 500019 Equipado Tricapa 1,100 L de la marca Llano de la Torre es un producto de alta calidad, fabricado con polietileno lineal de baja densidad y con un color beige por fuera y blanco por dentro. Este tinaco es perfecto para la instalación de Simplo, ya que cuenta con un calentador de agua para asegurar el calentamiento del agua en un corto período de tiempo. El diseño de tricapa de este tinaco es resistente y duradero, además de que es de fácil instalación para ahorrar tiempo. El Tinaco 500019 Equipado Tricapa 1,100 L es un producto de alta calidad que ofrece una excelente relación precio-calidad. Está diseñado para proporcionar un suministro de agua de calidad y seguridad a toda la familia."
Calentador BALANZ VENTO 24 LT Blanco Gas L.P.,Calentador de agua instantaneo Balanza Vento,https://www.llanodelatorre.com.mx/calentador-balanz-vento-24-lt-blanco-gas-lp/p,"El Calentador de Agua BALANZ VENTO 24 LT Blanco Gas L.P. es un tinaco de 24 litros de capacidad con una instalación de Simplo. Su diseño moderno y compacto le permite ser colocado en cualquier lugar. Está fabricado con materiales de alta calidad, lo que le da una durabilidad y resistencia óptimas. Su sistema de encendido automático asegura un suministro ininterrumpido de agua caliente. Su sistema de seguridad de doble combustión evita el sobrecalentamiento de su unidad, asegurando su seguridad. Su tecnología avanzada y su diseño innovador hacen que sea una excelente opción para satisfacer sus necesidades de calentamiento de agua. El Calentador de Agua BALANZ VENTO 24 LT Blanco Gas L.P. es una excelente solución para aquellos que buscan un calentador de agua seguro, eficiente y duradero."
Calentador Instantáneo Modulante COXDPI-14 PLENUS ADVANCE Gas Natural 14 L/min,Confort y ahorro al instante con sólo abrir la llave,https://www.llanodelatorre.com.mx/244-184-calentador-instantneo-modulante-coxdpi14-plenus-advance-gas-natural-14-lmin/p,"El Calentador Instantáneo Modulante COXDPI-14 PLENUS ADVANCE Gas Natural 14 L/min de Llano de la Torre es una solución perfecta para todos tus problemas de calentamiento de agua. Está diseñado para proporcionar una instalación de Simplo y un ahorro instantáneo al abrir la llave. El calentador de agua ofrece una gran cantidad de beneficios, como una excelente eficiencia energética, una operación silenciosa y una temperatura constante. Además, su diseño compacto lo hace perfecto para caber en cualquier tinaco. Esta solución de calentamiento de agua es duradera, fiable y fácil de usar, lo que la hace ideal para tu hogar."
Calentador CONFORT 13 L Gas L.P.,Calentador instantaneo de agua,https://www.llanodelatorre.com.mx/calentador-confort-13lt-gas-lp/p,"El Calentador CONFORT 13 L Gas L.P. de Llano de la Torre es el calentador de agua perfecto para su hogar. Su diseño compacto y moderno se adapta a cualquier espacio. Está equipado con un tinaco de 13 litros, lo que le da una gran capacidad para almacenar agua caliente. Además, su instalación de Simplo le permite conectarlo con facilidad a la red de gas. Esto significa que el calentador de agua estará listo para usarse en cuestión de minutos. Su tecnología avanzada asegura que el agua se caliente rápidamente y de manera uniforme. Es una solución práctica y confiable para un suministro de agua caliente constante."
Tinaco 500023 Equipado Tricapa 450 L,Material fabricado con pelbd (polietileno lineal de baja densidad) de color beige por fuera y blanco por dentro.,https://www.llanodelatorre.com.mx/tinaco-500023-equipado-tricapa-450-lt/p,"El Tinaco 500023 Equipado Tricapa 450 L de Llano de la Torre es un producto de alta calidad que ofrece una instalación de Simplo sencilla y rápida. Está fabricado con polietileno lineal de baja densidad, y cuenta con una capa externa de color beige y una capa interna blanca. Esta tinaco es perfecto para usar con un calentador de agua, ya que cuenta con una gran capacidad de almacenamiento de 450 litros. Su diseño es robusto y resistente, ideal para uso en exteriores. Su material es resistente a la corrosión y a la formación de hongos, garantizando una larga vida útil."
Calentador Instantáneo Modulante COXDPI-28 PLENUS ADVANCE Gas Natural 28 L/min,Confort y ahorro al instante con sólo abrir la llave,https://www.llanodelatorre.com.mx/244-170-calentador-instantneo-modulante-coxdpi28-plenus-advance-gas-natural-28-lmin/p,"El Calentador Instantáneo Modulante COXDPI-28 PLENUS ADVANCE Gas Natural 28 L/min de Llano de la Torre es la mejor opción para tu tinaco. Está diseñado para ofrecerte confort y ahorro al instante con sólo abrir la llave. Está fabricado con tecnología avanzada para proporcionar una excelente calidad de agua caliente. Además, su instalación de Simplo hace que sea muy fácil de instalar y mantener. Ofrece una gran eficiencia energética, lo que significa que ahorrarás dinero en tu factura de energía. Esta es la mejor solución para tener agua caliente todos los días sin tener que preocuparte por el costo."
Calentador de paso COXDP-20 PODERUS Gas L.P. 20 L/min,El confort de un calentador de depósito y la rapidez de un instantáneo,https://www.llanodelatorre.com.mx/244-148-calentador-de-paso-coxdp20-poderus-gas-lp-20-lmin/p,"El Calentador de Paso COXDP-20 PODERUS Gas L.P. 20 L/min de Llano de la Torre es una solución ideal para aquellos que buscan la comodidad de un calentador de depósito sin tener que instalar un tinaco. Esta unidad es una solución de calentamiento de agua instantánea, lo que significa que ofrece agua caliente inmediata sin tener que esperar. Además, la Instalación de Simplo le permite instalar el calentador de agua en un solo paso, lo que lo hace una solución perfecta para aquellos que buscan una instalación rápida y sencilla. Esta unidad ofrece un flujo de agua caliente de 20 litros por minuto, lo que la convierte en una excelente opción para hogares de tamaño medio. Está construida con materiales de alta calidad para garantizar una larga vida útil, y su diseño compacto lo hace ideal para espacios reducidos. El Calentador de Paso COXDP-20 PODERUS Gas L.P. 20 L/min de Llano de la Torre es la solución perfecta para aquellos que buscan un calentador de agua eficiente, confiable y fácil de instalar."
Calentador BALANZ Gas Natural 13 L/min,Calentador de tiro forzado con ventilador que garantiza la salida de gases de combustión,https://www.llanodelatorre.com.mx/calentador-balanz-gas-nat-13-ltmin/p,"El Calentador BALANZ Gas Natural 13 L/min de Llano de la Torre es un calentador de agua de tiro forzado con ventilador que garantiza la salida de gases de combustión. Esta herramienta es perfecta para aquellos que buscan una solución práctica y eficiente para su tinaco. El calentador BALANZ Gas Natural 13 L/min incluye una instalación de Simplo, la cual facilita la instalación y la reparación de forma sencilla. Esta herramienta es ideal para aquellos que buscan una solución de calentamiento de agua rápida y eficiente. El calentador BALANZ Gas Natural 13 L/min es una herramienta de calentamiento de agua de alta calidad, la cual es resistente a la corrosión y a la presión. Esta herramienta garantiza un calentamiento de agua rápido y eficiente sin problemas."
Calentador G-20 Sin Piloto Gen. 3 Gas L.P. 72 L,Te dará siempre baños confortables en cualquier clima para toda la familia,https://www.llanodelatorre.com.mx/calentador-g-20-sin-piloto-gen-3-gas-lp-72-lts/p,"El Calentador G-20 Sin Piloto Gen. 3 Gas L.P. 72 L de Llano de la Torre es una excelente opción para un calentador de agua. Está diseñado para proporcionar baños cómodos y seguros en cualquier clima. Está equipado con un tinaco de 72 litros y una instalación de Simplo para una fácil y rápida instalación. Esta unidad es compacta, robusta y ofrece un excelente rendimiento para una experiencia de baño confortable. Además, se encuentra equipada con una válvula de seguridad para prevenir sobrecalentamiento y una válvula de alivio de presión para mayor seguridad. El Calentador G-20 Sin Piloto Gen. 3 Gas L.P. 72 L de Llano de la Torre es una excelente opción para un calentador de agua seguro, confiable y eficiente."
Tinaco 500025 Equipado Tricapa 600 L,Material fabricado con pelbd (polietileno lineal de baja densidad) de color beige por fuera y blanco por dentro.,https://www.llanodelatorre.com.mx/tinaco-500025-tricapa-equipado-600-lt/p,"El Tinaco 500025 Equipado Tricapa 600 L de Llano de la Torre es un producto de alta calidad con una instalación de Simplo sencilla y rápida. Está fabricado en polietileno lineal de baja densidad con un color beige por fuera y blanco por dentro. El tinaco cuenta con un calentador de agua que asegura un suministro constante de agua caliente. Su diseño ergonómico y resistente lo hace ideal para uso doméstico. El Tinaco 500025 Equipado Tricapa 600 L es un producto duradero, eficiente y fácil de usar para satisfacer tus necesidades de almacenamiento de agua."
Paquete para almacenamiento PS-E002,"Kit para instalación de calentador a gas (3/8"") c/válvula de paso",https://www.llanodelatorre.com.mx/paquete-ps-e002-palmacenamiento/p,"El Paquete para Almacenamiento PS-E002 de Llano de la Torre es un kit completo para la instalación de un calentador de agua. Está diseñado para una instalación de Simplo y contiene todo lo necesario para una instalación segura y eficiente. El paquete incluye una válvula de paso de 3/8"", además de todos los accesorios necesarios para conectar el calentador de agua al tinaco. Esto incluye tuberías, conexiones y abrazaderas. El paquete de almacenamiento PS-E002 de Llano de la Torre es la mejor opción para la instalación de un calentador de agua, ya que ofrece una instalación segura, rápida y sin complicaciones."
Calentador de depósito G-10 MAXIMUS Gas Natural 38 L,El confort que disfruta tu familia,https://www.llanodelatorre.com.mx/244-152-calentador-de-depsito-g10-maximus-gas-natural-38-l/p,"El Calentador de Depósito G-10 MAXIMUS Gas Natural 38 L de Llano de la Torre es una excelente opción para aquellos que buscan un calentador de agua de alta calidad. Su instalación de Simplo es fácil de realizar y garantiza una calidad de agua caliente sin igual. Esta unidad de 38 litros es ideal para el tinaco de una familia promedio, ofreciendo un suministro constante de agua caliente para baños, cocina y otras aplicaciones. Su diseño moderno y compacto se ajusta perfectamente a cualquier espacio, mientras que su avanzada tecnología de combustión asegura una eficiencia máxima. El Calentador de Depósito G-10 MAXIMUS Gas Natural 38 L es una excelente opción para aquellos que buscan un calentador de agua de gran calidad y rendimiento."
Calentador instantáneo COXDPI-07 B PLENUS Gas L.P. 7 L/min,Confort y ahorro al instante con sólo abrir la llave,https://www.llanodelatorre.com.mx/244-133-calentador-instantneo-coxdpi07-b-plenus-gas-lp-7-lmin/p,"El Calentador instantáneo COXDPI-07 B PLENUS Gas L.P. 7 L/min de Llano de la Torre es una excelente opción para aquellos que desean disfrutar de una experiencia de confort y ahorro al instante. Está diseñado para ser instalado en un tinaco, lo que lo hace ideal para la instalación de Simplo. Su tecnología de encendido instantáneo permite que el agua caliente fluya al abrir la llave sin tener que esperar. Su sistema de combustión segura asegura una operación segura y eficiente, mientras que su diseño ergonómico y resistente a la corrosión lo hace resistente a los elementos. Además, su sistema de seguridad de la válvula de seguridad y su control de temperatura ajustable lo hacen una excelente opción para todos aquellos que desean disfrutar de agua caliente sin preocupaciones."
Calentador de paso COXDPE-06 PODERUS ADVANCE Gas L.P. 6 L/min,El confort de un calentador de depósito y la rapidez de un instantáneo,https://www.llanodelatorre.com.mx/244-183-calentador-de-paso-coxdpe06-poderus-advance-gas-lp-6-lmin/p,"El Calentador de Paso COXDPE-06 PODERUS ADVANCE Gas L.P. 6 L/min de Llano de la Torre es una excelente opción para aquellos que buscan la combinación perfecta entre comodidad y eficiencia. Con una capacidad de 6 litros por minuto, el calentador de agua es ideal para llenar un tinaco rápidamente. Su instalación de Simplo lo hace fácil de colocar, y su diseño moderno se ajusta a cualquier decoración. Esta unidad también cuenta con una válvula de seguridad, que reduce el riesgo de sobrecalentamiento, y un sistema de encendido automático para ahorrar energía. El Calentador de Paso COXDPE-06 PODERUS ADVANCE Gas L.P. 6 L/min de Llano de la Torre es una solución perfecta para aquellos que buscan un calentador de agua eficiente y seguro."
Calentador Instantáneo Modulante COXDPI-16 PLENUS ADVANCE Gas Natural 16 L/min,Confort y ahorro al instante con sólo abrir la llave,https://www.llanodelatorre.com.mx/244-166-calentador-instantneo-modulante-coxdpi16-plenus-advance-gas-natural-16-lmin/p,"El Calentador Instantáneo Modulante COXDPI-16 PLENUS ADVANCE Gas Natural 16 L/min de Llano de la Torre es la mejor opción para tu hogar. Su instalación de Simplo es rápida y sencilla, permitiéndote disfrutar de un calentador de agua eficiente y de alto rendimiento. Esta unidad de 16 litros por minuto es ideal para tinacos de hasta 400 litros, ofreciéndote agua caliente al instante sin desperdiciar energía. Su tecnología modulante te permite ahorrar hasta el 35% del consumo de gas natural, lo que significa un ahorro en la factura de energía. El Calentador Instantáneo Modulante COXDPI-16 PLENUS ADVANCE Gas Natural 16 L/min de Llano de la Torre es una excelente opción para satisfacer todas tus necesidades de calentamiento de agua."
Calentador Instantáneo Modulante COXDPI-24 LP Gas L.P. 24 L/min,"Calentador istantáneo, un baño renovador al instante",https://www.llanodelatorre.com.mx/calentadores-coxdpi-24-lp-inst-modulante-gas-lp-24-lts-mi/p,"El Calentador Instantáneo Modulante COXDPI-24 LP Gas L.P. 24 L/min de Llano de la Torre es una herramienta ideal para aquellos que desean un baño renovador al instante. Esta innovadora tecnología de calentamiento de agua es ideal para su tinaco, ya que ofrece una instalación de Simplo sin complicaciones. Su sistema de calentamiento es eficiente, con una alta capacidad de producción de agua caliente de hasta 24 litros por minuto. Su control de temperatura es preciso, permitiendo un ajuste preciso para satisfacer sus necesidades. Su diseño modular y sus componentes de alta calidad lo hacen duradero y fácil de mantener. Esta herramienta es una excelente opción para aquellos que buscan una forma segura y eficiente de calentar el agua de su tinaco."
Calentador de depósito G-30 MAXIMUS Gas L.P. 103 L,El confort que disfruta tu familia,https://www.llanodelatorre.com.mx/244-146-calentador-de-depsito-g30-maximus-gas-lp-103-l/p,"El Calentador de Depósito G-30 MAXIMUS Gas L.P. 103 L de Llano de la Torre es un calentador de agua de alta calidad con un tinaco de 103 litros. Está equipado con un sistema de encendido electrónico para una fácil instalación y uso. Su diseño único de Instalación Simplo le permite una instalación fácil y rápida sin necesidad de herramientas especiales. Este calentador de agua ofrece una temperatura constante, una eficiencia de combustión superior y una excelente resistencia al desgaste. Está diseñado para ofrecer un alto rendimiento y una excelente durabilidad, ofreciendo a tu familia una experiencia de calor cómoda y segura."
Calentador G-20 Sin Piloto Gen. 3 Gas Natural 72 L,Te dará siempre baños confortables en cualquier clima para toda la familia,https://www.llanodelatorre.com.mx/calentador-g-20-sin-piloto-gen-3-gas-nat-72-lts/p,"El Calentador G-20 Sin Piloto Gen. 3 Gas Natural 72 L de Llano de la Torre es una excelente opción para tu hogar. Está diseñado para proporcionar agua caliente a toda la familia, sin importar el clima. Esta unidad es un calentador de agua de 72 litros, lo que significa que siempre tendrás agua caliente. La instalación de Simplo asegura que el calentador se instale fácilmente en tu tinaco, sin la necesidad de contratar a un profesional. El calentador G-20 de Llano de la Torre es una solución asequible, segura y confiable para tener agua caliente en tu hogar."
Calentador MINIMAX II Gas L.P. 16 L,Calentador de tiro forzado con ventilador que garantiza la salida de gases de combustión,https://www.llanodelatorre.com.mx/calentador-minimax-ii-gas-lp-16lt/p,"El Calentador MINIMAX II Gas L.P. 16 L de Llano de la Torre es un calentador de agua de tiro forzado con ventilador que garantiza la salida de gases de combustión. Está diseñado para satisfacer la demanda de un tinaco de 16 litros, así como para una instalación de Simplo. Está equipado con una válvula de seguridad, una válvula de control de flujo y una válvula de control de temperatura para garantizar un funcionamiento seguro y eficiente. Su diseño compacto le permite instalarse en espacios reducidos, mientras que su sistema de combustión limpia asegura una combustión eficiente y una reducción en el consumo de gas. Además, cuenta con un sistema de encendido electrónico para un encendido rápido y seguro. El Calentador MINIMAX II Gas L.P. 16 L es una excelente opción para satisfacer tus necesidades de calentamiento de agua."
"Biodigestor Autolimpiable 520112 (520000) 1,300 L",Equipo para el tratamiento primario de aguas negras y grises para su descarga a suelo (pozo de absorción o infiltración) o drenaje,https://www.llanodelatorre.com.mx/biodigestor-520112-520000-autolimpiable-1300-lts/p,"El Biodigestor Autolimpiable 520112 (520000) 1,300 L de Llano de la Torre es un equipo de tratamiento primario de aguas negras y grises con capacidad para 1,300 litros, diseñado para su descarga a suelo (pozo de absorción o infiltración) o drenaje. Se trata de un equipo de alta calidad, con un calentador de agua incorporado para optimizar el proceso de tratamiento de aguas. Cuenta con un tinaco integrado para el almacenamiento de aguas tratadas. Además, la instalación de Simplo facilita el montaje y la limpieza del equipo. Esto hace que sea un equipo óptimo para el tratamiento de aguas residuales."
Calentador de depósito G-20 MAXIMUS Gas L.P. 72 L,El confort que disfruta tu familia,https://www.llanodelatorre.com.mx/244-140-calentador-de-depsito-g20-maximus-gas-lp-72-l/p,"El Calentador de Depósito G-20 MAXIMUS Gas L.P. 72 L de Llano de la Torre es la solución ideal para tener un calentador de agua de alta calidad. Está diseñado para ofrecer el máximo confort a tu familia. Está equipado con un tinaco de 72 litros con una potencia de 20 litros por minuto, lo que le permite abastecer a toda la casa con suficiente agua caliente. Su instalación de Simplo te permite configurar el calentador de forma rápida y sencilla, sin la necesidad de contratar a un profesional. Esta unidad es ideal para hogares de hasta 8 personas que quieran disfrutar del máximo confort y ahorrar en costos de energía."
Calentador instantáneo COXDPI-11 B PLENUS Gas Natural 11 L/min,Confort y ahorro al instante con sólo abrir la llave,https://www.llanodelatorre.com.mx/244-135-calentador-instantneo-coxdpi11-b-plenus-gas-natural-11-lmin/p,"El Calentador instantáneo COXDPI-11 B PLENUS Gas Natural 11 L/min de Llano de la Torre es la mejor solución para tener agua caliente al instante. Está diseñado para ahorrar energía y brindar un alto rendimiento con una instalación de Simplo. Es ideal para usar en tinacos, ofreciendo una gran cantidad de agua caliente con una temperatura constante y sin desperdicios. Su tecnología avanzada garantiza una instalación rápida y sencilla, con una gran eficiencia energética. Esta solución es ideal para satisfacer tus necesidades de calentador de agua, ya que ahorra tiempo y energía al mismo tiempo."
Calentador de paso 110-021 Gas L.P 13 L/min,"Calentadores para agua, de paso, de rápida recuperación a base de gas, completamente automáticos",https://www.llanodelatorre.com.mx/calentador-110-021-de-paso-gas-lp-13ltmin/p,"El calentador de agua ""Llano de la Torre"" 110-021 es un calentador de paso de gas L.P. con capacidad para 13 litros por minuto. Está diseñado para ser instalado en un tinaco, y cuenta con una instalación de Simplo para una rápida y sencilla instalación. Está completamente automatizado para un funcionamiento seguro, y su recuperación es muy rápida, permitiendo una calefacción constante y eficiente. Su tecnología avanzada permite un ahorro de energía significativo, lo que lo hace una excelente opción para la calefacción de tu hogar."
Calentador Instantáneo Modulante COXDPI-24 PLENUS ADVANCE Gas L.P. 24 L/min,Confort y ahorro al instante con sólo abrir la llave,https://www.llanodelatorre.com.mx/244-187-calentador-instantneo-modulante-coxdpi24-plenus-advance-gas-lp-24-lmin/p,"El Calentador Instantáneo Modulante COXDPI-24 PLENUS ADVANCE Gas L.P. 24 L/min de Llano de la Torre es un producto de primera calidad que ofrece confort y ahorro al instante con sólo abrir la llave. Este calentador de agua es ideal para tinacos de hasta 24 litros por minuto, y su instalación de Simplo le permite ahorrar tiempo y energía. Su tecnología modulante permite un ahorro de energía del 30%, además de un control de temperatura de hasta 60°C. Esta innovadora tecnología de calentamiento de agua es una solución ideal para hogares, hoteles, restaurantes y cualquier otro lugar donde se requiera un suministro de agua caliente."
Calentador MINIMAX II Gas Natural 16 L,Calentador de tiro forzado con ventilador que garantiza la salida de gases de combustión,https://www.llanodelatorre.com.mx/calentador-minimax-ii-gas-nat-16lt/p,"El Calentador MINIMAX II Gas Natural 16 L es el calentador de agua perfecto para tu hogar. Está diseñado para mejorar la eficiencia energética y garantizar la salida de gases de combustión. Está equipado con un tinaco de 16 litros que asegura un suministro constante de agua caliente, además de un ventilador de tiro forzado para una mejor combustión. Su instalación de Simplo te permite conectarlo fácilmente a la red de gas natural sin complicaciones. Su moderno diseño y su resistencia al desgaste lo hacen un calentador ideal para tu hogar."
Calentador BALANZ Gas L.P. 13 L/min,Calentador de tiro forzado con ventilador que garantiza la salida de gases de combustión,https://www.llanodelatorre.com.mx/calentador-balanz-gas-lp-13-ltmin/p,"El Calentador BALANZ Gas L.P. 13 L/min es un calentador de agua de tiro forzado con ventilador que garantiza la salida de gases de combustión. Esta marca de Llano de la Torre es ideal para tener un tinaco de agua caliente en tu hogar. Viene con una instalación de Simplo que es fácil de instalar y usar. Esta unidad es una excelente opción para aquellos que buscan un calentador de agua de alta calidad y a un precio asequible. El Calentador BALANZ Gas L.P. 13 L/min es un equipo de calidad que ofrece una excelente eficiencia energética. Es una excelente opción para aquellos que quieren aprovechar al máximo el consumo de energía, ya que reduce los costos de energía. Además, ofrece una excelente seguridad para tu hogar al evitar fugas de gas. Finalmente, el Calentador BALANZ Gas L.P. 13 L/min es una excelente opción para aquellos que buscan un calentador de agua de alta calidad y a un precio asequible."
Calentador Instantáneo RHIN-CHL13N Gas Natural,"Agua caliente al instante, ahorro de energía con la mayor seguridad, durabilidad y respaldo",https://www.llanodelatorre.com.mx/calentador-rhin-chl13n-instantaneo-gas-nat/p,"El Calentador Instantáneo RHIN-CHL13N Gas Natural de Llano de la Torre es una excelente opción para aquellos que necesitan un calentador de agua confiable y de alta calidad. Es una solución perfecta para aquellos que buscan ahorrar energía sin comprometer la seguridad y la durabilidad. El calentador es fácil de instalar en un tinaco con la ayuda de la Instalación de Simplo, que hace que el proceso sea mucho más sencillo y rápido. Su diseño compacto hace que sea ideal para cualquier espacio, ya sea en el hogar o en la oficina. Su sistema de combustión es seguro, lo que garantiza una eficiencia energética superior. El calentador también ofrece un respaldo completo para garantizar su satisfacción. Esta es la mejor opción para aquellos que buscan un calentador de agua de calidad, eficiencia y seguridad."
Calentador Instantáneo ELEVA Pro 15 15 L/min,"Calentador instantáneo eléctrico ELEVA PRO 15, te da la máxima eficiencia",https://www.llanodelatorre.com.mx/calentador-eleva-pro-15-instantaneo-15-ltsmi/p,"El Calentador Instantáneo ELEVA Pro 15 15 L/min es un producto de la marca Llano de la Torre que ofrece la máxima eficiencia para calentar el agua. Su instalación es de tipo Simplo, lo que significa que el usuario puede instalarlo fácilmente sin necesidad de un profesional. Es un calentador de agua de 15 litros por minuto, lo que significa que el agua caliente estará disponible en cantidades suficientes para su uso en un tinaco. El ELEVA Pro 15 15 L/min es un calentador de agua de última generación y es una opción excelente para satisfacer sus necesidades de calentamiento de agua. La tecnología avanzada que incorpora, junto con su facilidad de instalación, lo hacen una excelente opción para su hogar."
Calentador de depósito G-40 MAXIMUS Gas L.P. 132 L,El confort que disfruta tu familia,https://www.llanodelatorre.com.mx/244-154-calentador-de-depsito-g40-maximus-gas-lp-132-l/p,"El Calentador de Depósito G-40 MAXIMUS Gas L.P. 132 L de Llano de la Torre es la mejor opción para tu hogar. Esta innovadora tecnología te ofrece un calentador de agua de alta calidad y un tinaco con la capacidad de 132 litros. La instalación de Simplo es fácil y segura, lo que te permite disfrutar de un calentador de agua de confianza en tu hogar. El sistema de encendido automático asegura que tu familia tenga agua caliente en cualquier momento. El sistema de seguridad de alta presión y temperatura te garantiza una experiencia segura. Esta opción de calentador de agua de alta calidad te ofrece una solución de calentamiento de agua segura y confiable para tu hogar."
Calentador BALANZ VENTO 20 L Gas L.P. Blanco,Calentador de tiro forzado con ventilador que garantiza la salida de gases de combustión,https://www.llanodelatorre.com.mx/calentador-balanz-vento-20-lt-blanco-gas-lp/p,"El Calentador BALANZ VENTO 20 L Gas L.P. Blanco de Llano de la Torre es un calentador de agua de tiro forzado con ventilador que garantiza la salida de gases de combustión. Ofrece una gran capacidad de almacenamiento de agua en su tinaco de 20 litros. Cuenta con una instalación de Simplo para una fácil conexión eléctrica. Su diseño moderno y compacto hace que sea fácil de instalar en cualquier espacio. Además, es una opción segura y confiable para el suministro de agua caliente. Está equipado con un termostato de seguridad para una mayor protección. Esta opción es ideal para satisfacer sus necesidades de agua caliente."
Calentador de paso COXDP-06 PODERUS Gas L.P. 6 L/min,El confort de un calentador de depósito y la rapidez de un instantáneo,https://www.llanodelatorre.com.mx/244-142-calentador-de-paso-coxdp06-poderus-gas-lp-6-lmin/p,"El Calentador de Paso COXDP-06 PODERUS Gas L.P. 6 L/min de Llano de la Torre es una solución ideal para aquellos que buscan un calentador de agua con la eficiencia de un tinaco y la rapidez de un calentador instantáneo. Su instalación de Simplo hace que sea una opción práctica y fácil de usar, con una capacidad de 6 litros por minuto, lo que significa que tendrás agua caliente al instante sin tener que esperar. Además, es resistente a la corrosión, lo que significa que tendrás agua caliente durante muchos años. Su diseño moderno te permitirá lucir una instalación moderna y funcional en tu hogar."
Calentador de paso COXDP-15 PODERUS Gas L.P. 15 L/min,El confort de un calentador de depósito y la rapidez de un instantáneo,https://www.llanodelatorre.com.mx/244-158-calentador-de-paso-coxdp15-poderus-gas-lp-15-lmin/p,"El Calentador de Paso COXDP-15 PODERUS Gas L.P. 15 L/min de Llano de la Torre es la solución perfecta para aquellos que buscan el confort de un calentador de depósito sin sacrificar la rapidez de un instantáneo. Está equipado con un tinaco de 15 litros por minuto, lo que significa que tendrás agua caliente al instante. Además, cuenta con una instalación de Simplo, lo que significa que se instala de forma rápida y sencilla. Esta unidad también viene con una garantía de dos años, por lo que puedes estar seguro de que estarás disfrutando de su calentador de agua durante mucho tiempo. Con su diseño moderno y resistente, el Calentador de Paso COXDP-15 PODERUS Gas L.P. 15 L/min de Llano de la Torre es la mejor opción para aquellos que buscan un calentador de agua de alta calidad."
Aire Acondicionado Portatil RPAI-12H1,"Ideal para cualquier época del año, ya que refresca tu hogar en verano y lo mantiene cálido en invierno",https://www.llanodelatorre.com.mx/aire-acondicionado-rpai-12h1-portatil/p,"El Aire Acondicionado Portatil RPAI-12H1 de Llano de la Torre es una excelente opción para climatizar tu hogar. Su diseño compacto y fácil de usar lo hace ideal para cualquier espacio. Además, cuenta con un calentador de agua incorporado para calentar el aire en los días más fríos. También cuenta con un tinaco para almacenar el agua, lo que hace que sea una solución perfecta para climatizar tu hogar sin la necesidad de una instalación de Simplo. Su tecnología avanzada le permite refrescar tu hogar en verano y mantenerlo cálido en invierno. Esta opción es perfecta para aquellos que buscan una solución versátil y eficiente para climatizar su hogar."
Calentador instantáneo COXDPI-13 B PLENUS Gas L.P.13 L/min,Confort y ahorro al instante con sólo abrir la llave,https://www.llanodelatorre.com.mx/244-136-calentador-instantneo-coxdpi13-b-plenus-gas-lp13-lmin/p,"El Calentador Instantáneo COXDPI-13 B PLENUS Gas L.P.13 L/min de Llano de la Torre es una excelente opción para aquellos que buscan un calentador de agua seguro y eficiente. Esta unidad ofrece una instalación de Simplo, ahorrando tiempo y esfuerzo. Con su capacidad de 13 litros por minuto, el calentador de agua puede alimentar a toda la familia. El tinaco de 13 litros es lo suficientemente grande como para mantener el agua caliente durante horas. Su diseño compacto y liviano hace que sea fácil de instalar y transportar. El calentador de agua es seguro y eficiente, con un control de temperatura ajustable para satisfacer sus necesidades. El Calentador Instantáneo COXDPI-13 B PLENUS Gas L.P.13 L/min de Llano de la Torre es la mejor opción para proporcionar calor y confort al instante."
Calentador Eléctrico CIE-20 127V 202KW,"Ideales para lugares cerrados sin ventilación como oficinas, consultorios, salones de belleza, laboratorios, casas de campo o poblaciones aisladas",https://www.llanodelatorre.com.mx/calentador-cie-20-electrico-127v-202kw/p,"El Calentador Eléctrico CIE-20 127V 202KW de la marca Llano de la Torre es una excelente opción para aquellos que necesitan un calentador de agua de alta calidad. Esta unidad es ideal para almacenar agua en tinacos y ofrece una instalación de Simplo para una fácil colocación. El Calentador Eléctrico CIE-20 127V 202KW es una solución eficiente para calentar grandes cantidades de agua, con una potencia de 202KW, una capacidad de 15 litros y una temperatura de hasta 65°C. Esta unidad es segura, con una carcasa de acero inoxidable resistente a la corrosión y un sistema de seguridad para evitar el sobrecalentamiento. El Calentador Eléctrico CIE-20 127V 202KW es una excelente opción para los que necesitan calentar grandes cantidades de agua de forma eficiente y segura."
Calentador G-15 Timer Gen. 2 Gas Natural 62 L,El confort que disfruta tu familia,https://www.llanodelatorre.com.mx/calentador-g-15-timer-gen-2-gas-nat-62-lts/p,"El Calentador G-15 Timer Gen. 2 Gas Natural 62 L de Llano de la Torre es la mejor opción para calentar el agua de tu tinaco. Esta innovadora tecnología ofrece una instalación de Simplo, lo que significa que es fácil de instalar y no requiere de un profesional. Su sistema de encendido y apagado automático ahorra energía y, al mismo tiempo, ofrece una temperatura constante y caliente. Su diseño moderno y compacto permite ahorrar espacio y su resistencia de acero inoxidable asegura que tu calentador dure por mucho tiempo. El Calentador G-15 Timer Gen. 2 Gas Natural 62 L de Llano de la Torre es la solución perfecta para el confort de toda tu familia."
Calentador de paso ONE HRT-CHL08P Gas L.P.,"El primer calentador de paso sin piloto permanente, de fácil instalación en todo tipo de condiciones y clima",https://www.llanodelatorre.com.mx/calentador-one-hrt-chl08p-paso-gas-lp/p,"El calentador de paso ONE HRT-CHL08P Gas L.P. de Llano de la Torre es una solución eficiente para calentar el agua de tu tinaco. Esta innovadora tecnología sin piloto permanente es fácil de instalar y se adapta a todas las condiciones climáticas. Su instalación de Simplo te permite ahorrar tiempo y esfuerzo al momento de instalarlo. El calentador de paso ONE HRT-CHL08P Gas L.P. ofrece una excelente eficiencia y una gran durabilidad, para que disfrutes del calor del agua durante muchos años. Su diseño moderno y sus características innovadoras, hacen de este calentador de paso una excelente opción para tu tinaco."
Calentador G-20 Gen. 3 Gas Natural 72 L,"Confort y al instante con sólo abrir la llave, te dará siempre baños confortables en cualquier clima para toda la familia",https://www.llanodelatorre.com.mx/calentador-g-20-gen-3-gas-nat-72-lts/p,"El Calentador G-20 Gen. 3 Gas Natural 72 L de Llano de la Torre es el calentador de agua ideal para tu hogar. Su instalación de Simplo te permite tener agua caliente en segundos sin necesidad de un tinaco. Esta innovadora tecnología permite que el agua se caliente en tan solo unos segundos, ofreciendo una experiencia de baño cómoda y sin preocupaciones. El diseño compacto de este calentador de agua ahorrará espacio en tu baño, mientras que su tecnología de combustión limpia y eficiente te permitirá ahorrar energía. El Calentador G-20 Gen. 3 Gas Natural 72 L es la solución perfecta para todas tus necesidades de agua caliente."
"Tinaco Aquaplas Equipado Tricapa Beige 1,100 L",Fabricados con triple capa de polietileno de alto desempeño. Sus capas adicionales le dan resistencia y protegen el agua de la luz ultravioleta,https://www.llanodelatorre.com.mx/tinaco-aquaplas-equipado-tricapa-beige-1100-lt/p,"El Tinaco Aquaplas Equipado Tricapa Beige 1,100 L de Llano de la Torre es un calentador de agua de alta calidad. Está fabricado con triple capa de polietileno de alto desempeño para asegurar la resistencia y protección del agua de la luz ultravioleta. La instalación de Simplo es fácil y cumple con los estándares de seguridad. Su diseño ergonómico y su capacidad de 1,100 litros hacen que sea ideal para uso doméstico. Viene equipado con una válvula de alivio de presión para asegurar la salida de agua a la presión correcta. Es una excelente opción para mantener el agua limpia y segura."
Calentador de depósito G-15 MAXIMUS Gas Natural 62 L,El confort que disfruta tu familia,https://www.llanodelatorre.com.mx/244-139-calentador-de-depsito-g15-maximus-gas-natural-62-l/p,"El Calentador de Depósito G-15 MAXIMUS Gas Natural 62 L de Llano de la Torre es un tinaco de gran capacidad y diseño moderno que proporciona a tu familia el confort de un calentador de agua de alta calidad. Su instalación de Simplo permite una fácil instalación en tu hogar, sin complicaciones. El tinaco cuenta con una capacidad de 62 litros para proporcionar agua caliente a toda tu familia. Su sistema de encendido automático asegura un ahorro de energía y una temperatura constante. Además, su diseño ergonómico y moderno se ajusta a cualquier estilo de hogar. El Calentador de Depósito G-15 MAXIMUS Gas Natural 62 L de Llano de la Torre es la opción perfecta para mantener el confort de tu hogar."
Calentador de paso COXDP-15 Gas Natural 15 L/min,El confort de un calentador de depósito y la rapidez de un instantáneo,https://www.llanodelatorre.com.mx/calentador-coxdp-15-gas-nat-15-lts--m/p,"El Calentador de Paso COXDP-15 Gas Natural 15 L/min de Llano de la Torre es el calentador perfecto para tu hogar. Esta solución de calentamiento de agua ofrece el confort de un calentador de depósito y la rapidez de un instantáneo. Su instalación es fácil y se puede hacer con la ayuda de Simplo. Su tinaco de 15 litros te permite tener agua caliente a la temperatura deseada en cualquier momento. Además, su diseño moderno y compacto se ajusta perfectamente a tu baño o cocina sin ocupar mucho espacio. El Calentador de Paso COXDP-15 Gas Natural 15 L/min es una solución práctica y eficiente para tener agua caliente en tu hogar."
Calentador G-60 Sin Piloto Gen. 3 Gas Natural,Te dará siempre baños confortables en cualquier clima para toda la familia,https://www.llanodelatorre.com.mx/calentador-g-60-sin-piloto-gen-3-gas-nat/p,"El Calentador G-60 Sin Piloto Gen. 3 Gas Natural de Llano de la Torre es un calentador de agua ideal para usar en el hogar. Su instalación es de Simplo, lo que significa que es fácil de instalar y de mantener. Está equipado con un tinaco de gran capacidad para almacenar agua caliente, permitiendo que toda la familia disfrute de baños calientes durante todo el día. Su tecnología avanzada garantiza una operación segura y eficiente, lo que significa que no tendrás que preocuparte por el mantenimiento ni por los costos de energía. El Calentador G-60 Sin Piloto Gen. 3 Gas Natural de Llano de la Torre es una excelente opción para tener agua caliente en el hogar."
Calentador Instantáneo CIN-13 B Gas Natural 13 L/min,"Calentador instantáneo, agua caliente al abrir la llave, así de fácil",https://www.llanodelatorre.com.mx/294-30-calentador-cin13-b-instantaneo-gas-nat-13-ltsmin/p,"El Calentador Instantáneo CIN-13 B Gas Natural 13 L/min de Llano de la Torre es la mejor solución para tener agua caliente al instante. Esta innovadora tecnología ofrece una instalación de Simplo para un tinaco de 13 litros por minuto, lo que permite un flujo de agua continuo sin interrupciones. Esta tecnología de calentador de agua es una excelente opción para aquellos que desean tener agua caliente al instante sin tener que esperar. Además, el calentador es fácil de instalar y mantener, lo que lo hace ideal para usarlo en el hogar. El Calentador Instantáneo CIN-13 B Gas Natural 13 L/min de Llano de la Torre es una excelente solución para aquellos que desean tener un tinaco de agua caliente al instante."
Calentador Instantáneo Modulante COXDPI-24 PLENUS ADVANCE Gas Natural 24 L/min,Confort y ahorro al instante con sólo abrir la llave,https://www.llanodelatorre.com.mx/244-186-calentador-instantneo-modulante-coxdpi24-plenus-advance-gas-natural-24-lmin/p,"El Calentador Instantáneo Modulante COXDPI-24 PLENUS ADVANCE Gas Natural 24 L/min de Llano de la Torre es una excelente opción para tu hogar. Está diseñado para aportar confort y ahorro al instante con sólo abrir la llave. Su instalación de Simplo te permite conectarlo a tu tinaco y comenzar a disfrutar de agua caliente de manera inmediata. Su tecnología avanzada modulante te ofrece un ahorro significativo en el uso de gas natural, además de una temperatura constante y una presión estable. El calentador de agua es resistente y fácil de usar, ideal para satisfacer tus necesidades de agua caliente. Su sistema de seguridad te garantiza una operación segura y confiable."
Calentador Instantáneo Modulante COXDPI-30 NAT Gas Natural 30 L/min,Su innovación tecnológica modulante Confort Sense garantiza baños confortables con temperaturas constantes,https://www.llanodelatorre.com.mx/calentador-inst-mod-coxdpi-30-nat-gas-nat-30-ltsmin/p,"El Calentador Instantáneo Modulante COXDPI-30 NAT Gas Natural 30 L/min de Llano de la Torre es la mejor opción para tu tinaco. Esta innovadora tecnología modulante Confort Sense garantiza un baño cómodo con temperaturas constantes. Su instalación de Simplo, la cual es muy fácil de realizar, te permitirá disfrutar de un calentador de agua sin problemas. El calentador está hecho con materiales de la mejor calidad, lo que garantiza una larga duración sin necesidad de mantenimiento. Además, su sistema de seguridad te mantendrá a salvo de cualquier posible accidente. El Calentador Instantáneo Modulante COXDPI-30 NAT Gas Natural 30 L/min de Llano de la Torre es la mejor opción para disfrutar de un baño cómodo y seguro."
Calentador ECO 6 Gas Natural 6 L/min,Calentador instantáneo Eco 6 Natural,https://www.llanodelatorre.com.mx/calentador-eco-6-gas-nat-6-ltmin/p,"El Calentador ECO 6 Gas Natural 6 L/min de Llano de la Torre es un calentador instantáneo de agua ideal para el tinaco. Viene con una instalación de Simplo, lo que le permite al usuario ahorrar tiempo al instalarlo. Esta innovadora tecnología también permite al usuario ahorrar energía, ya que el calentador solo se activa cuando el agua sale del tinaco. Esto permite un uso eficiente del gas, al mismo tiempo que se mantiene la temperatura del agua ideal. El calentador ECO 6 Gas Natural 6 L/min de Llano de la Torre es una excelente opción para aquellos que buscan un calentador de agua eficiente y de fácil instalación."
Calentador Easy Control Gas L.P. 26 L,Mayor capacidad y mayor confort con el nuevo calentador instantáneo Easy Control que brinda hasta 26 l/min de agua caliente,https://www.llanodelatorre.com.mx/calentador-easy-control-gas-lp-26lt/p,"El Calentador Easy Control Gas L.P. 26 L de Llano de la Torre es un calentador de agua de alto rendimiento y capacidad. Su instalación es muy sencilla gracias a la tecnología Simplo, que permite conectar el calentador directamente al tinaco. Esto significa que no hay necesidad de hacer agujeros en la pared, ahorrándonos tiempo y dinero. El calentador ofrece hasta 26 l/min de agua caliente, lo que lo hace ideal para uso doméstico. Su diseño moderno y compacto lo hace fácil de instalar en cualquier lugar y su sistema de control de temperatura permite ajustar la temperatura de agua de acuerdo a nuestras necesidades. El Calentador Easy Control Gas L.P. 26 L es una excelente opción para tener agua caliente de manera segura y eficiente."
Calentador de paso ONE HRT-CHL08N Gas Natural,"El primer calentador de paso sin piloto permanente, de fácil instalación en todo tipo de condiciones y clima",https://www.llanodelatorre.com.mx/calentador-one-hrt-chl08n-paso-gas-nat/p,"El Calentador de Paso ONE HRT-CHL08N Gas Natural de Llano de la Torre es una solución ideal para ahorrar tiempo y esfuerzo en la instalación de un tinaco de agua caliente. Está diseñado para proporcionar una instalación de Simplo, sin necesidad de un piloto permanente, lo que lo hace ideal para todo tipo de condiciones y clima. Su diseño compacto, moderno y seguro, lo hace perfecto para espacios reducidos, y su tecnología avanzada de combustión limpia, asegura un suministro de agua caliente sin interrupciones. El Calentador de Paso ONE HRT-CHL08N Gas Natural de Llano de la Torre es una excelente opción para aquellos que buscan una solución eficiente y segura para el suministro de agua caliente."
Calentador CONFORT 7 L Gas L.P.,Calentador instantaneo de agua,https://www.llanodelatorre.com.mx/calentador-confort-7lt-gas-lp/p,"El Calentador CONFORT 7 L Gas L.P. de la marca Llano de la Torre es un calentador de agua instantaneo que te permite disfrutar de agua caliente sin esperar. Viene con un tinaco de 7 litros para almacenar el agua caliente, y es ideal para uso en baños, cocinas o cualquier otra área que necesite agua caliente. El calentador viene con una instalación de Simplo para una fácil instalación, ahorrando tiempo y esfuerzo. Esta calentador de agua es una excelente opción para aquellos que buscan una solución rápida y eficiente para el agua caliente."
Paquete para calentador Instantáneo PS-E008,Kit para instalación de calentador de paso instantáneo,https://www.llanodelatorre.com.mx/paquete-ps-e008-pinstantaneo/p,"El Paquete para Calentador Instantáneo PS-E008 de Llano de la Torre es el perfecto kit para la instalación de tu calentador de agua. Incluye todo lo necesario para una instalación de Simplo: un calentador de agua de paso instantáneo, un tinaco de 40 litros, tuberías de cobre, abrazaderas, válvulas de seguridad, conexiones, y un manual de instrucciones. El calentador de agua ofrece una potencia de 4500W para un suministro de agua caliente instantáneo, y el tinaco de 40 litros proporciona almacenamiento de agua para uso diario. El kit es fácil de instalar, y con las instrucciones incluidas, tendrás tu calentador de agua listo para usar en poco tiempo."
Calentador de paso CDP-09 FL Gas L.P. 9 L/min,Tecnología Confort Heat que garantiza agua caliente al momento y sin variaciones de temperatura,https://www.llanodelatorre.com.mx/calentador-cdp-09-fl-gas-lp-9-ltsmin/p,"El Calentador de Paso CDP-09 FL Gas L.P. 9 L/min de la marca Llano de la Torre es una excelente opción para aquellos que buscan un calentador de agua de alta calidad. Está equipado con la innovadora tecnología Confort Heat que garantiza agua caliente al momento y sin variaciones de temperatura. Además, incluye un tinaco de gran capacidad para almacenar el agua caliente, y una instalación de Simplo para un manejo seguro y sencillo. El calentador de paso ofrece una excelente relación calidad-precio, y es ideal para aquellos que desean disfrutar de agua caliente sin preocupaciones."
Calentador BALANZ VENTO 17 L Gas L.P. Blanco,Calentador de tiro forzado con ventilador que garantiza la salida de gases de combustión,https://www.llanodelatorre.com.mx/calentador-balanz-vento-17-lt-blanco-gas-lp/p,"El Calentador BALANZ VENTO 17 L Gas L.P. Blanco de Llano de la Torre es un excelente calentador de agua para usar en tu casa. Cuenta con un tinaco de gran capacidad para almacenar agua caliente, una instalación de Simplo para un fácil y seguro manejo de los gases, y un ventilador para garantizar la salida de los gases de combustión. Su diseño moderno y elegante se integra perfectamente a cualquier espacio. Con este calentador disfrutarás de un suministro constante de agua caliente sin preocuparte por la seguridad."
Calentador BALANZ VENTO 24 L Gas Natural Blanco,Calentador de agua instantaneo Balanza Vento,https://www.llanodelatorre.com.mx/calentador-balanz-vento-24-lt-blanco-gas-nat/p,"El Calentador BALANZ VENTO 24 L Gas Natural Blanco de Llano de la Torre es un calentador de agua instantáneo perfecto para el hogar. Su capacidad de 24 litros es ideal para un tinaco de tamaño mediano. Su instalación es de tipo Simplo, lo que significa que no requiere de una instalación complicada. Está diseñado para un uso seguro y fácil, con una tecnología de encendido automático para una mayor comodidad. Es un calentador de agua confiable y eficiente, con una excelente relación calidad-precio. Si buscas un calentador de agua que sea fácil de instalar y que ofrezca un servicio de calidad, el Calentador BALANZ VENTO 24 L Gas Natural Blanco de Llano de la Torre es la mejor opción."
Calentador CONFORT 13 L Gas Natural,Calentador instantaneo de agua,https://www.llanodelatorre.com.mx/calentador-confort-13lt-gas-nat/p,"El Calentador CONFORT 13 L Gas Natural de Llano de la Torre es un calentador de agua instantáneo que ofrece una gran cantidad de beneficios. Su instalación es muy sencilla gracias al sistema de Simplo, que no requiere de un tinaco adicional. Tiene una capacidad de 13 litros de agua caliente para disfrutar de un baño cómodo y relajante. Su diseño moderno y compacto lo hace ideal para espacios reducidos, mientras que su tecnología avanzada asegura una rápida calefacción. Su control de temperatura preciso permite regular la temperatura deseada para una experiencia de baño aún mejor. Su funcionamiento seguro y confiable asegura una larga vida útil. El Calentador CONFORT 13 L Gas Natural de Llano de la Torre es la mejor opción para un baño cómodo y relajante."
Calentador de paso COXDP-15 PODERUS Gas Natural 15 L/min,El confort de un calentador de depósito y la rapidez de un instantáneo,https://www.llanodelatorre.com.mx/244-159-calentador-de-paso-coxdp15-poderus-gas-natural-15-lmin/p,"El Calentador de Paso COXDP-15 PODERUS Gas Natural 15 L/min de Llano de la Torre es una excelente opción para aquellos que buscan una solución de calentamiento de agua rápida y eficiente. El calentador de agua ofrece la combinación perfecta entre el confort de un calentador de depósito y la rapidez de un instantáneo. Está equipado con un tinaco de 15 litros de capacidad y una instalación de Simplo para una fácil conexión a la red de gas. Su diseño compacto y moderno hace que sea una excelente opción para cualquier hogar. Además, su bajo consumo de energía y su tecnología de combustión limpia lo hacen ideal para la economía y el medio ambiente."
Calentador G-40 Gen. 3 Gas L.P. 132 L,El confort que disfruta tu familia,https://www.llanodelatorre.com.mx/calentador-g-40-gen-3-gas-lp-132-lts/p,El Calentador G-40 Gen. 3 Gas L.P. 132 L de Llano de la Torre es una excelente opción para tu hogar. Está diseñado para proporcionar a tu familia el confort que merecen. Está equipado con un calentador de agua de alta eficiencia para calentar el agua de tu tinaco rápidamente. La instalación de Simplo asegura que el calentador sea fácil de instalar y mantener. Regula el flujo de agua para un uso seguro y eficiente. El sistema de encendido automático te permite ahorrar energía al mismo tiempo que disfrutas de agua caliente a cualquier hora del día. El Calentador G-40 Gen. 3 Gas L.P. 132 L de Llano de la Torre es la mejor opción para tu hogar.
Coflex para calentador AB-A60 60 cm,"Conector flexible para boiler flujo mayor 3/4"" F.I.P. X 3/4"" F.I.P.",https://www.llanodelatorre.com.mx/coflex-ab-a60-pboiler-60cm/p,"El Coflex para calentador AB-A60 60 cm de Llano de la Torre es el mejor producto para realizar la instalación de Simplo en tu calentador de agua. Está diseñado para conectar el tinaco con el calentador de agua, y permite un flujo mayor de 3/4"" F.I.P. a 3/4"" F.I.P. Gracias a su diseño ergonómico, es fácil de instalar y no requiere herramientas especiales. Además, es resistente a la corrosión y a los daños mecánicos, lo que garantiza una mayor durabilidad. Esta conexión flexible para calentador de agua te permite disfrutar de una instalación de Simplo segura y confiable."
Calentador G-60 Gen. 3 Gas Natural,Te dará siempre baños confortables en cualquier clima para toda la familia,https://www.llanodelatorre.com.mx/calentador-g-60-gen-3-gas-nat/p,"El Calentador G-60 Gen. 3 Gas Natural de Llano de la Torre es un calentador de agua de alto rendimiento con un tinaco de 60 litros y una instalación de Simplo. Esta innovadora tecnología de gas natural ofrece una calefacción rápida y eficiente de agua, ideal para familias numerosas. Con una excelente resistencia al calor y con una alta durabilidad, el G-60 Gen. 3 es una excelente opción para aquellos que buscan una solución confiable para sus necesidades de calentamiento de agua. Su diseño ergonómico y moderno garantiza una instalación sencilla, así como una operación segura y eficiente. El G-60 Gen. 3 es una excelente opción para aquellos que buscan un calentador de agua de alto rendimiento y con una instalación de Simplo."
Calentador de paso COXDPE-11 Gen. 3 Gas Natural 11 L/min,El confort de un calentador de depósito y la rapidez de un instantáneo,https://www.llanodelatorre.com.mx/calentador-coxdpe-11-gen-3-gas-nat-11-ltsmin/p,"El Calentador de Paso COXDPE-11 Gen. 3 Gas Natural 11 L/min de Llano de la Torre es una excelente opción para aquellos que buscan el confort de un calentador de depósito sin tener que preocuparse por la instalación de un tinaco. Esta innovadora tecnología de instalación Simplo ofrece una capacidad de 11 litros por minuto, lo que lo hace ideal para familias grandes o aquellos que necesitan un flujo de agua caliente constante. El Calentador de Paso COXDPE-11 Gen. 3 Gas Natural 11 L/min de Llano de la Torre es una solución de calentamiento de agua rápida y eficiente que ofrece una excelente relación calidad-precio. Está diseñado con materiales resistentes que lo hacen duradero y fácil de mantener. Además, cuenta con una pantalla LCD para un fácil manejo y un sistema de seguridad avanzado que garantiza la seguridad de tu hogar."
Tinaco Aquaplas Equipado Tricapa Beige 600 L,Fabricados con triple capa de polietileno de alto desempeño. Sus capas adicionales le dan resistencia y protegen el agua de la luz ultravioleta,https://www.llanodelatorre.com.mx/tinaco-aquaplas-equipado-tricapa-beige-600-lt/p,"El Tinaco Aquaplas Equipado Tricapa Beige 600 L de Llano de la Torre es un producto de alta calidad, perfecto para instalarse en tu calentador de agua. Está fabricado con triple capa de polietileno de alto desempeño, lo que le da resistencia y protege el agua de la luz ultravioleta. Su instalación es sencilla gracias a Simplo, que te guía paso a paso para que el proceso sea rápido y seguro. Está diseñado para contener hasta 600 litros de agua, lo que te permite tener un suministro constante de agua para tu hogar. Además, su diseño ergonómico y moderno se ajusta a cualquier ambiente. El Tinaco Aquaplas Equipado Tricapa Beige 600 L de Llano de la Torre es la mejor opción para tener agua segura y limpia en tu hogar."
Calentador Instantáneo Hidrotec CIN-06-B Gas Natural,"Ahorra hasta 70% de gas, ya que enciende al momento de abrir la llave de agua caliente, y se apaga al cerrarla",https://www.llanodelatorre.com.mx/calentador-cin-06-b-inst-hidrotec-gas-nat/p,"El Calentador Instantáneo Hidrotec CIN-06-B Gas Natural de Llano de la Torre es una solución perfecta para aquellos que buscan un calentador de agua eficiente y ahorrador. Esta innovadora tecnología permite ahorrar hasta un 70% de gas al encenderse al abrir la llave de agua caliente y apagarse al cerrarla. Además, este calentador de agua es perfecto para instalarse en un tinaco, ya que se adapta perfectamente a la instalación de Simplo. Esta opción es ideal para aquellos que buscan una solución eficiente para su hogar."
Calentador Instantáneo Modulante COXDPI-16 LP Gas L.P. 16 L/min,Su innovación tecnológica modulante Confort Sense garantiza baños confortables con temperaturas constantes,https://www.llanodelatorre.com.mx/calentador-coxdpi-16-lp-inst-modulante-gas-lp-16-ltsmin/p,El Calentador Instantáneo Modulante COXDPI-16 LP Gas L.P. 16 L/min de Llano de la Torre es un calentador de agua con una tecnología de vanguardia. Está equipado con una innovación modulante Confort Sense que garantiza baños confortables con temperaturas constantes. Es la solución perfecta para ahorrar espacio y tiempo en la instalación de tu tinaco. El sistema de instalación Simplo lo hace fácil de instalar y ahorra tiempo. El Calentador Instantáneo Modulante COXDPI-16 LP Gas L.P. 16 L/min de Llano de la Torre es el mejor calentador de agua para tu hogar.
Calentador de paso COXDP-09 PODERUS Gas Natural 9 L/min,El confort de un calentador de depósito y la rapidez de un instantáneo,https://www.llanodelatorre.com.mx/244-157-calentador-de-paso-coxdp09-poderus-gas-natural-9-lmin/p,"El Calentador de Paso COXDP-09 PODERUS Gas Natural 9 L/min de la marca Llano de la Torre es la mejor opción para obtener agua caliente con rapidez y comodidad. Está diseñado para reemplazar un tinaco tradicional, con la ventaja de que no necesita una instalación compleja. El sistema de instalación de Simplo hace que sea muy sencillo de instalar, sin necesidad de contratar a un profesional. Su tecnología de encendido automático ahorra tiempo y energía, permitiéndole disfrutar de agua caliente en cualquier momento. El calentador de agua ofrece una capacidad de 9 litros por minuto, lo que significa que podrá tener agua caliente de manera inmediata. Esta es la solución ideal para quienes buscan un calentador eficiente y de fácil instalación."
Calentador Instantáneo CIN-06-B Gas L.P.,"Ahorra hasta 70% de gas, ya que enciende al momento de abrir la llave de agua caliente, y se apaga al cerrarla",https://www.llanodelatorre.com.mx/calentador-cin-06-b-instantaneo-gas-lp/p,"El Calentador Instantáneo CIN-06-B Gas L.P. de Llano de la Torre es un calentador de agua de gran alcance que ofrece una gran eficiencia energética. Está diseñado para calentar el agua de forma instantánea y se apaga al cerrar la llave de agua caliente, lo que le permite ahorrar hasta un 70% de gas. Está equipado con un tinaco que ofrece una capacidad de almacenamiento de hasta 6 litros de agua caliente. Su instalación es sencilla gracias a la Instalación de Simplo, que permite una instalación rápida y segura. Su fácil manejo y su resistencia a la corrosión lo hacen una excelente opción para satisfacer tus necesidades de agua caliente."
Calentador Básico Instantáneo CIN-06 Gas L.P.,"Ahorra hasta 70% de gas, ya que enciende al momento de abrir la llave de agua caliente, y se apaga al cerrarla",https://www.llanodelatorre.com.mx/calentador-cin-06-basico-instantaneo-gas-lp/p,"El Calentador Básico Instantáneo CIN-06 Gas L.P. de Llano de la Torre, es un calentador de agua de alta eficiencia diseñado para ahorrar hasta un 70% de gas. Está equipado con una llave de agua caliente que se enciende al momento de abrirse y se apaga al cerrarse. Viene con un tinaco para una instalación de Simplo, lo que significa que no necesitas un tanque de almacenamiento de agua caliente. Esta unidad es fácil de instalar y ofrece una excelente relación calidad-precio. Su diseño compacto y liviano lo hace ideal para espacios reducidos. El Calentador Básico Instantáneo CIN-06 Gas L.P. de Llano de la Torre es una excelente opción para aquellos que buscan un calentador de agua eficiente y confiable."
Calentador RHHR-MX-06P/632964 R.R. Gas L.P 6 L,"Agua caliente continua, sin restricciones por presión o flujo de agua. Más agua caliente, para familias modernas y activas",https://www.llanodelatorre.com.mx/calentador-rhhr-mx-06p632964-rr-gas-lp-6lt/p,"El Calentador RHHR-MX-06P/632964 R.R. Gas L.P 6 L de Llano de la Torre es un calentador de agua de uso doméstico ideal para familias modernas y activas. Está diseñado para proporcionar agua caliente sin restricciones por presión o flujo de agua. El calentador de agua cuenta con un tinaco de 6 litros para una mayor capacidad de agua caliente, y una instalación de Simplo para una fácil instalación. Está fabricado con materiales de la más alta calidad para una mayor durabilidad y seguridad. El calentador de agua RHHR-MX-06P/632964 R.R. Gas L.P 6 L de Llano de la Torre es la solución ideal para disfrutar de agua caliente sin preocupaciones."
Calentador BALANZ Gas Natural 7 L/min,Calentador de tiro forzado con ventilador que garantiza la salida de gases de combustión,https://www.llanodelatorre.com.mx/calentador-balanz-gas-nat-7-ltmin/p,"El Calentador BALANZ Gas Natural 7 L/min es el calentador de agua ideal para usar en tu hogar. Está diseñado para proporcionar un flujo de agua caliente constante para que tengas agua caliente a tu disposición en todo momento. Dispone de un tinaco de 7 litros de capacidad, que es suficiente para abastecer a una familia de 4 personas. Su instalación de Simplo es muy sencilla y segura, lo que te permite tenerlo listo para usar en un corto periodo de tiempo. Además, cuenta con un ventilador de tiro forzado para garantizar la salida de gases de combustión. Esto lo convierte en un producto seguro y fiable para usar en tu hogar."