Producto,Descripcion,Link,Categoria,Response
Tarja BE Línea R15 50.40 115000005 Acero Inoxidable,"Tarja de acero inoxidable con accesorios de fijación, incluye accesorios, Kit de instalación y rebosadero con tapa decorativa",https://www.llanodelatorre.com.mx/tarja-be-linea-r15-5040-115000005-acero-inox/p,Fregadero,"La Tarja BE Línea R15 50.40 115000005 Acero Inoxidable de Llano de la Torre es el producto ideal para cualquier fregadero. Esta tarja de acero inoxidable incluye accesorios de fijación, un Kit de instalación y un rebosadero con tapa decorativa. Esta tarja está diseñada para una instalación de Simplo, lo que la hace fácil de instalar y mantener. Esta tarja cuenta con un diseño moderno y elegante que se adapta a cualquier decoración. Esta tarja de acero inoxidable es una excelente opción para su hogar ya que es resistente a la corrosión y duradera. Esta tarja es una gran inversión para tu cocina."
Mezcladora 7633 Cromo,"Mezcladora de 8"" para fregadero, con cubierta y manerales de palanca",https://www.llanodelatorre.com.mx/mezcladora-7633-cromo/p,Mezcladora cocina,"La Mezcladora 7633 Cromo de Llano de la Torre es una mezcladora de 8"" para fregadero de alta calidad. Esta mezcladora para cocina está fabricada con una cubierta y manerales de palanca resistentes para una durabilidad óptima. La llave mezcladora es un accesorio práctico, y su instalación de Simplo es una característica que hace que su montaje sea un proceso rápido y sencillo. Esta mezcladora es una excelente opción para quienes buscan una mezcladora de alta calidad para su cocina. Su robusta construcción la hace ideal para el uso diario, y su diseño moderno se adapta a cualquier estilo de cocina. Esta mezcladora es la solución perfecta para quienes buscan una mezcladora resistente y duradera."
Paquete Duetto Plus Campana y Parrilla 60 00251,Pack dueto plus 60TMX 60 PLUS+EP 60 4G AI CI,https://www.llanodelatorre.com.mx/paquete-duetto-plus-60-00251-campanaparri/p,Otros,[]
Fregadero Bahía 1C Plus 12127001,Tu fregadero se convertirá en toda una obra de arte. Elegancia y funcionalidad marcan la diferencia,https://www.llanodelatorre.com.mx/fregadero-bahia-1c-plus-12127001/p,Fregadero,"El Fregadero Bahía 1C Plus 12127001 de Llano de la Torre es una obra de arte para tu cocina. Su diseño moderno se complementa con la instalación de Simplo para una instalación fácil y rápida. Su acabado en acero inoxidable resistente a la corrosión y a los arañazos le da un toque de elegancia a tu cocina. Esta exclusiva creación de Llano de la Torre es perfecta para aquellos que buscan un look moderno y funcional. El Fregadero Bahía 1C Plus 12127001 es resistente a la humedad, fácil de limpiar y con una capacidad de almacenamiento increíble. Esta es la opción perfecta para aquellos que buscan un fregadero duradero y de calidad."
Monomando 7864 Cromo,Monomando para tarja con acabado en cromo,https://www.llanodelatorre.com.mx/monomando-7864-cromo/p,Monomando cocina,"El Monomando 7864 Cromo de Llano de la Torre es la mejor opción para tus monomandos para cocina. Esta llave monomando cocina es una solución perfecta para tu fregadero, ya que su acabado en cromo se ve elegante y moderno. Está diseñado para una instalación de Simplo, lo que significa que es fácil de instalar. El Monomando 7864 Cromo de Llano de la Torre es resistente, duradero y de fácil limpieza. Esta llave monomando cocina viene con un diseño ergonómico que te permite controlar el flujo de agua con facilidad. Es una excelente opción para obtener una llave para fregadero de alta calidad, con un acabado moderno y elegante."
Monomando E-306 Cromo,"Llave monomando para fregadero Palma, con cabezal retráctil, sistema anti calcáreo y dos tipos de chorro",https://www.llanodelatorre.com.mx/monomando-e-306-cromo/p,Monomando cocina,"Monomando E-306 Cromo de Llano de la Torre es la mejor opción para tu cocina. Esta llave monomando para fregadero Palma es ideal para tu instalación de Simplo, ya que cuenta con cabezal retráctil, sistema anti calcáreo y dos tipos de chorro. Esta llave monomando para cocina es perfecta para tener un control total sobre el flujo de agua en tu cocina, ya que su diseño ergonómico y moderno te permite manejar los monomandos para cocina de forma sencilla. Esta llave para fregadero es la mejor opción para tener una cocina moderna y eficiente."
Monomando Project Cuello Alto MF 2 81.9114.62,"Monomando alto, acabado en cromo",https://www.llanodelatorre.com.mx/monomando-mf-2-project-cuello-alto-81911462/p,Monomando cocina,"El Monomando Project Cuello Alto MF 2 81.9114.62 de Llano de la Torre es el accesorio ideal para tu cocina. Su acabado en cromo le da un toque moderno y elegante. Esta llave monomando para cocina cuenta con un cuello alto para una instalación de Simplo y una llave para fregadero, lo que la hace perfecta para aquellos que buscan un monomando para cocina con estilo. Esta llave monomando para cocina es resistente, duradera y moderna, lo que la hace ideal para la cocina de tu casa. Esta llave monomando para cocina es una excelente opción para aquellos que buscan un diseño moderno y una instalación de Simplo."
Fregadero C-201N Acero Inoxidable,Nuestras Tarjas de la línea Clásica de empotrar son de fácil instalación y se pueden colocar en cualquier tipo de cubierta,https://www.llanodelatorre.com.mx/fregadero-c-201n-acero-inoxidable/p,Fregadero,"El Fregadero C-201N Acero Inoxidable de Llano de la Torre es una tarja de empotrar de fácil instalación que se adapta a cualquier tipo de cubierta. Está fabricado con acero inoxidable de primera calidad para garantizar su durabilidad y resistencia a la corrosión. Su diseño moderno y compacto le da un toque moderno a cualquier cocina. Su instalación es de Simplo, lo que significa que no necesita herramientas especiales para instalarlo. Además, su superficie es fácil de limpiar y mantener, lo que le aporta una gran practicidad. El Fregadero C-201N Acero Inoxidable de Llano de la Torre es una excelente opción para aquellos que buscan una tarja de empotrar de alta calidad y con un diseño moderno."
Monomando Pro MY1 18.1610.02 Cromo,"Maneral extensible, caño giratorio, 2 tipos de chorros, aireador anti calcáreo",https://www.llanodelatorre.com.mx/monomando-pro-my1-18161002-cromo/p,Monomando cocina,"El Monomando Pro MY1 18.1610.02 Cromo de Llano de la Torre es una llave monomando para cocina de última generación que ofrece un maneral extensible, un caño giratorio y dos tipos de chorros. Esta llave para fregadero cuenta con un aireador anti calcáreo para mejorar el flujo de agua y una instalación de Simplo para una fácil instalación. Su diseño moderno y ergonómico ofrece una experiencia única al usuario, permitiendo un control preciso del flujo de agua. El Monomando Pro MY1 18.1610.02 Cromo es una excelente opción para aquellos que buscan una llave monomando para cocina de alta calidad y durabilidad."
Fregadero BE 2C 780 10125051,Fregadero con instalación de submontar de acero inoxidable,https://www.llanodelatorre.com.mx/fregadero-be-2c-780-10125051/p,Fregadero,"El Fregadero BE 2C 780 10125051 de Llano de la Torre es una excelente opción para tu cocina. Está hecho de acero inoxidable de alta calidad para garantizar su durabilidad y resistencia. Su instalación de submontar es fácil y rápida, lo que te permite ahorrar tiempo y esfuerzo. Además, su instalación de Simplo te permite ahorrar espacio en tu cocina. Su diseño moderno y elegante se adapta a cualquier estilo de cocina, desde clásico hasta moderno. El fregadero BE 2C 780 10125051 es una excelente opción para aquellos que buscan una solución de fregadero de calidad superior."
Monomando E-305 Cromo,"Monomando para fregadero Gourmet profesional con resorte, cabezal con sistema anti calcáreo y 2 tipos de chorro",https://www.llanodelatorre.com.mx/monomando-e-305-cromo/p,Monomando cocina,"El Monomando E-305 Cromo de Llano de la Torre es un monomando para fregadero Gourmet profesional con resorte, cabezal con sistema anti calcáreo y 2 tipos de chorro. Es una de las mejores opciones para la instalación de monomandos para cocina, ya que ofrece una llave monomando cocina de alta calidad, con un diseño moderno y elegante. Esta llave para fregadero es perfecta para una instalación de Simplo, ya que su diseño se ajusta perfectamente a la arquitectura moderna. El Monomando E-305 Cromo es una excelente opción para cualquier cocina profesional, dando un toque moderno y elegante al espacio."
Mezcladora 318QC Cromo,"Mezcladora de 8"" para fregadero, con cubierta y manerales",https://www.llanodelatorre.com.mx/mezcladora-318qc-cromo/p,Mezcladora cocina,"La Mezcladora 318QC Cromo de Llano de la Torre es una mezcladora para cocina de 8"" con cubierta y manerales. Esta mezcladora de alta calidad se caracteriza por su llave mezcladora ergonómica, que permite un ajuste suave y preciso. Además, su instalación de Simplo le asegura una instalación sencilla y rápida. Esta mezcladora cuenta con un diseño de vanguardia, que le aporta un toque moderno a tu cocina. La mezcladora 318QC Cromo de Llano de la Torre es un producto de primera calidad, que garantiza una experiencia de uso satisfactoria."
Monomando E-39 Cromo,"Monomando para fregadero Ergo, con cabezal retráctil, sistema anti calcáreo y 2 tipos de chorro",https://www.llanodelatorre.com.mx/monomando-e-39-cromo/p,Monomando cocina,"El Monomando E-39 Cromo de Llano de la Torre es la llave perfecta para tu cocina. Está diseñado para instalarse en un solo paso con el sistema de instalación Simplo, que hace que sea fácil de instalar. Esta llave monomando para cocina cuenta con un cabezal retráctil, un sistema anti calcáreo y dos tipos de chorro. Esto significa que es fácil de limpiar y mantener, y que puedes elegir entre un chorro fuerte o un chorro suave para tu fregadero. Esta llave monomando para cocina es una excelente elección para aquellos que buscan una solución práctica y duradera."
"Triturador GX50C 1/2 HP 2,600 RPM","La calidad, estilo y rendimiento de Moen se demuestran tanto por arriba como por debajo del fregadero",https://www.llanodelatorre.com.mx/triturador-gx50c-12-hp-2600-rpm/p,Otros,[]
Mezcladora MEF-SP-01 Cromo,"Mezcladora para fregadero, con manerales",https://www.llanodelatorre.com.mx/mezcladora-mef-sp-01-cromo/p,Mezcladora cocina,La Mezcladora MEF-SP-01 Cromo de Llano de la Torre es una mezcladora para cocina de alto rendimiento. Esta mezcladora cuenta con una llave mezcladora de última generación para controlar el flujo del agua con facilidad. La instalación de Simplo le permite al usuario instalar la mezcladora con rapidez y facilidad. Esta mezcladora para cocina está hecha con materiales de alta calidad para garantizar una larga durabilidad. Está diseñada con un estilo moderno para mejorar la apariencia de la cocina. El diseño ergonómico de la mezcladora le ofrece al usuario una experiencia de uso cómoda. Esta mezcladora para cocina es una excelente opción para aquellos que buscan una mezcladora de alta calidad a un precio asequible.
Mezcladora 320LB Cromo,"Mezcladora para cocina con cubierta, con manerales Lebarón",https://www.llanodelatorre.com.mx/mezcladora-320lb-cromo/p,Mezcladora cocina,"La Mezcladora 320LB Cromo de Llano de la Torre es una mezcladora para cocina de alta calidad. Está fabricada con materiales resistentes y duraderos, lo que la hace ideal para uso diario. Cuenta con una cubierta de acero cromado y una llave mezcladora para facilitar su uso. La instalación de Simplo es sencilla y segura, lo que la hace ideal para usar en casa. Esta mezcladora es perfecta para mezclar alimentos, preparar sopas, cremas y todo tipo de comidas. Ofrece una excelente calidad de mezcla, lo que la hace ideal para aquellos que buscan una mezcladora de calidad."
Mezcladora HM-38 Cromo,Llave mezcladora para fregadero Flamingos,https://www.llanodelatorre.com.mx/mezcladora-hm-38-cromo/p,Mezcladora cocina,"La Mezcladora HM-38 Cromo de Llano de la Torre es una llave mezcladora de primera calidad para su cocina. Esta mezcladora para cocina es una solución ideal para su instalación de Simplo, ya que ofrece una excelente relación calidad-precio. Esta llave mezcladora cuenta con un diseño moderno y elegante, con un acabado cromado brillante que le aporta un toque moderno a su cocina. Es fácil de instalar y con una válvula de cierre de cerámica para una mayor durabilidad. Esta mezcladora le ofrece un agradable flujo de agua para una experiencia de uso cómoda y sin problemas. Además, la Mezcladora HM-38 Cromo de Llano de la Torre cuenta con una garantía de por vida para su tranquilidad. Si está buscando una mezcladora de calidad para su cocina, la Mezcladora HM-38 Cromo de Llano de la Torre es la mejor opción."
Campana DJE 90 091102 110V Acero Inoxidable,"Diferentes opciones de diseño pensadas para encontrar el equilibrio que buscas en tu cocina, acorde a tu estilo de vida",https://www.llanodelatorre.com.mx/campana-dje-90-091102-inoxidable-110v/p,Campana,"La Campana DJE 90 091102 110V Acero Inoxidable de Llano de la Torre es una campana para cocina ideal para los amantes de la decoración moderna. Esta campana extractora es una opción perfecta para aquellos que buscan un equilibrio entre diseño y funcionalidad. Está fabricada en acero inoxidable de alta calidad, lo que le da una apariencia resistente y duradera. Además, cuenta con una luz LED de alta luminosidad para una iluminación óptima y un filtro de carbón para una mejor limpieza. Esta campana extractora es una excelente opción para aquellos que buscan una campana moderna y funcional para su cocina."
Monomando E-307 Cromo,Monomando curvo con manguera retráctil y sistema anti calcáreo,https://www.llanodelatorre.com.mx/monomando-e-307-cromo/p,Monomando cocina,"El Monomando E-307 Cromo de Llano de la Torre es una de las mejores opciones para los monomandos de la cocina. Viene con una manguera retráctil y un sistema anti-calcáreo, para que puedas disfrutar de una limpieza profunda y una larga duración. Esta llave monomando para la cocina es perfecta para la instalación de Simplo, ya que es fácil de instalar y usar. Esta llave para fregadero es resistente a la corrosión y a la presión del agua, por lo que puedes estar seguro de que disfrutarás de una llave de calidad durante muchos años. El Monomando E-307 Cromo de Llano de la Torre es una excelente opción para aquellos que buscan una llave monomando para la cocina de calidad."
Fregadero M-100 Acero Inoxidable,Nuestras Tarjas de la línea Mark de empotrar son de fácil instalación y se pueden colocar en cualquier tipo de cubierta,https://www.llanodelatorre.com.mx/fregadero-m-100-acero-inoxidable/p,Fregadero,"El Fregadero M-100 Acero Inoxidable de Llano de la Torre es una tarja de empotrar de fácil instalación. Está diseñado para adaptarse a cualquier tipo de cubierta. Su acabado en acero inoxidable aporta un toque moderno y elegante a tu cocina. Instalarlo es una tarea sencilla, gracias a su instalación de Simplo. Su diseño ergonómico te permite aprovechar al máximo el espacio disponible, además de ser fácil de limpiar. Esta tarja es una excelente opción para aquellos que buscan un fregadero duradero y de gran calidad. Su calidad y resistencia lo hacen una excelente inversión para tu cocina."
Monomando 5923 Cromo,"Monomando extraíble para tarja con rociador, acabado en cromo",https://www.llanodelatorre.com.mx/monomando-5923-cromo/p,Monomando cocina,"El Monomando 5923 Cromo de Llano de la Torre es una llave monomando para la cocina ideal para la instalación de Simplo. Esta llave es extraíble para tarja, con un acabado moderno y elegante en cromo. Esta llave monomando para cocina es perfecta para los fregaderos de la cocina, ya que su diseño ergonómico permite una mejor manipulación. Con su innovadora tecnología, el Monomando 5923 Cromo de Llano de la Torre ofrece una mayor comodidad y facilidad de uso. Esta llave monomando para cocina es resistente a la corrosión y a los golpes, por lo que es una opción ideal para aquellos que buscan un producto de calidad y duradero. Si estás buscando una llave monomando para tu cocina, el Monomando 5923 Cromo de Llano de la Torre es la mejor opción."
Parrilla EH 5G AI TR 40225180 70,Esta placa incorpora quemadores de alto rendimiento SABAF para un ahorro energético real de hasta un 25% comparado con las cocinas tradicionales. Cocina tus recetas favoritas ahorrando dinero y cuidando del medio ambiente,https://www.llanodelatorre.com.mx/parrilla-eh-5g-ai-tr-40225180-70/p,Otros,[]
Cespol Doble TV-031 Cromo,Conexión para céspol. Tarja doble,https://www.llanodelatorre.com.mx/cespol-doble-tv-031-cromo/p,Cespol,"El Cespol Doble TV-031 Cromo de Llano de la Torre es una conexión para céspol ideal para la instalación de un sifón en un tubo de lavabo. Está diseñado para encajar perfectamente en un tubo en forma de U, permitiendo una instalación de Simplo y fácil. Esta tarja doble es resistente, estable y duradera, fabricada con materiales de alta calidad y acabado cromado. Ofrece una conexión segura y confiable para una instalación perfecta. Esta tarja doble es una excelente opción para los baños modernos."
Fregadero C-101N Acero Inoxidable,Nuestras Tarjas de la línea Clásica de empotrar son de fácil instalación y se pueden colocar en cualquier tipo de cubierta,https://www.llanodelatorre.com.mx/fregadero-c-101n-acero-inoxidable/p,Fregadero,"El Fregadero C-101N Acero Inoxidable de Llano de la Torre es un producto de alta calidad para tu cocina. Está fabricado con acero inoxidable de primera calidad para garantizar una larga vida útil. Esta tarja de empotrar es fácil de instalar y se adapta a cualquier tipo de cubierta. La instalación es un proceso de Simplo que no requiere de herramientas especializadas, lo que la hace una opción ideal para aquellos con un presupuesto limitado. El diseño moderno del fregadero le da un toque elegante a tu cocina. Esta tarja de empotrar es resistente a la corrosión y a la decoloración, lo que garantiza que se mantenga en excelentes condiciones a pesar del uso constante. El Fregadero C-101N Acero Inoxidable de Llano de la Torre es una excelente opción para aquellos que quieren un fregadero de calidad para su cocina."
Fregadero de Submontar BE 40.40.2 10125019,"Fabricados con material de la mayor durabilidad y sometidos a infinidad de test de resistencia, para alcanzar un producto de calidad inigualable",https://www.llanodelatorre.com.mx/fregadero-be-40402-submontar-10125019/p,Fregadero,"El Fregadero de Submontar BE 40.40.2 10125019 de Llano de la Torre es un producto de calidad excepcional. Está fabricado con materiales de alta resistencia y ha pasado por infinidad de pruebas de resistencia para garantizar su durabilidad. Está diseñado para una instalación de Simplo y cumple con todas las normativas de seguridad para garantizar una perfecta instalación. Ofrece una experiencia de limpieza sin igual, con una profundidad de 40 cm y un ancho de 40 cm, es perfecto para cualquier cocina. Incluye una garantía de 5 años para brindar tranquilidad a los usuarios. Su acabado en color blanco le da una apariencia moderna a cualquier cocina. El Fregadero de Submontar BE 40.40.2 10125019 de Llano de la Torre es la mejor opción para obtener un producto de calidad y durabilidad excepcional."
Mezcladora 4331 Cromo,"Mezcladora de 8"" para fregadero, con cubierta y manerales cruceta",https://www.llanodelatorre.com.mx/mezcladora-4331-cromo/p,Mezcladora cocina,"La Mezcladora 4331 Cromo de Llano de la Torre es una mezcladora para cocina de 8"" con cubierta y manerales cruceta. Esta llave mezcladora incluye una instalación de Simplo que es fácil de usar, y te permite ajustar la temperatura del agua con facilidad. Esta mezcladora para cocina es resistente a la corrosión y viene con una garantía de 5 años. Su diseño moderno y elegante hará que tu cocina luzca increíble. Esta mezcladora de alta calidad es perfecta para tu hogar y te asegurará que tengas agua fría y caliente a la temperatura deseada."
Mezcladora para Cocina 7565BL Negro Mate,"Monomando para cocina con nariz retráctil, acabado ébano",https://www.llanodelatorre.com.mx/mezcladora-7565bl-pcocina-negro-mate/p,Mezcladora cocina,"La Mezcladora para Cocina 7565BL Negro Mate de Llano de la Torre es una llave mezcladora con un acabado ébano que le dará a tu cocina un look moderno. Esta mezcladora cuenta con una nariz retráctil, lo que te permitirá ahorrar espacio en tu cocina. La instalación de esta mezcladora es muy sencilla gracias al sistema de instalación Simplo, y su diseño ergonómico te permitirá usarla con comodidad y facilidad. Esta mezcladora para cocina se ha fabricado con materiales resistentes y de alta calidad, garantizando así su durabilidad y resistencia. Esta mezcladora para cocina es la solución perfecta para aquellos que buscan una mezcladora moderna y de calidad."
"Mezcladora 319 8"" Cromo","Mezcladora para cocina de 8"" de latón, sin manerales",https://www.llanodelatorre.com.mx/mezcladora-319-8-cromo/p,Mezcladora cocina,"La Mezcladora 319 8"" Cromo de Llano de la Torre es una mezcladora para cocina de 8"" de latón, sin manerales. Esta mezcladora es perfecta para la instalación de Simplo, ya que viene con una llave mezcladora para una fácil instalación. Esta mezcladora es resistente y duradera, con un diseño moderno que se verá perfecto en cualquier cocina. Su acabado cromado le da un toque de elegancia a tu cocina. Esta mezcladora es fácil de usar y mantener, lo que la hace ideal para usuarios principiantes o profesionales. Su diseño ergonómico te permite usarla con facilidad y comodidad. Esta mezcladora es una excelente opción para aquellos que buscan una mezcladora de calidad que sea resistente y duradera."
Mezcladora HM-37 Cromo,Llave mezcladora para fregadero Albatros,https://www.llanodelatorre.com.mx/mezcladora-hm-37-cromo/p,Mezcladora cocina,"La Mezcladora HM-37 Cromo de Llano de la Torre es una llave mezcladora para cocina de alta calidad. Está fabricada con materiales de primera calidad para una durabilidad y resistencia excepcionales. Esta mezcladora es fácil de instalar con la instalación de Simplo, lo que la hace perfecta para cualquier cocina. Esta mezcladora es resistente al desgaste y ofrece un control de flujo de agua preciso para una mezcla perfecta. Esta llave mezcladora es una excelente opción para todos los amantes de la cocina que buscan un producto de calidad. La Mezcladora HM-37 Cromo de Llano de la Torre es una excelente opción para todos aquellos que desean una mezcladora para su cocina."
Fregadero C-202N Acero Inoxidable,Nuestras Tarjas de la línea Clásica de empotrar son de fácil instalación y se pueden colocar en cualquier tipo de cubierta,https://www.llanodelatorre.com.mx/fregadero-c-202n-acero-inoxidable/p,Fregadero,"El Fregadero C-202N de Acero Inoxidable de la marca Llano de la Torre es una tarja de empotrar de fácil instalación. Esta tarja es perfecta para cualquier tipo de cubierta. Su instalación de Simplo le permite ahorrar tiempo y esfuerzo, sin comprometer la calidad. El acero inoxidable le ofrece resistencia a la corrosión y durabilidad, mientras que su diseño moderno le da un toque de estilo a tu cocina. Además, su versatilidad te permite usar el fregadero para una variedad de tareas. Esta tarja es la elección perfecta para aquellos que buscan una solución de calidad para su cocina."
[],[],[],Otros,[]
Lavavajillas LP8 850 M 40782510 Acero Inoxidable,Lavavajillas de libre instalación LP8 850 M,https://www.llanodelatorre.com.mx/lavavajillas-lp8-850-m-40782510-inoxidable/p,Otros,[]
Monomando E-34 Cromo,Llave monomando para fregadero Novus,https://www.llanodelatorre.com.mx/monomando-e-34-cromo/p,Monomando cocina,"El Monomando E-34 Cromo de Llano de la Torre es una llave monomando para cocina con un diseño moderno y elegante. Está diseñado para ser instalado fácilmente, sin necesidad de herramientas especiales. Esta llave monomando para fregadero ofrece una instalación de Simplo, para una instalación rápida y sencilla. El Monomando E-34 Cromo es una llave monomando para cocina de calidad, con un acabado cromado para resistencia y durabilidad. Esta llave monomando para fregadero es perfecta para darle a tu cocina un toque moderno y elegante. Es una buena opción para aquellos que buscan una llave monomando para cocina de calidad a un precio asequible."
Fregadero 3 perforaciones 508.533 1C (20.21) 08071132 Acero Inoxidable,"Su elegante diseño en acero inoxidable de primera calidad, brinda un elemento de elegancia",https://www.llanodelatorre.com.mx/fregadero-508533-1c-2021-3-perf-08071132-acero-inoxidable/p,Fregadero,"El Fregadero 3 perforaciones 508.533 1C (20.21) 08071132 Acero Inoxidable de Llano de la Torre es un producto de lujo con un diseño moderno y elegante. Está hecho de acero inoxidable de primera calidad para una resistencia y durabilidad excepcionales. Viene con tres perforaciones para una instalación de Simplo, lo que le permite aprovechar el espacio al máximo. Está diseñado para resistir el uso diario, y su acabado en acero inoxidable le da un aspecto moderno y sofisticado. Además, es fácil de limpiar para mantenerlo brillante y sin manchas. El Fregadero 3 perforaciones 508.533 1C (20.21) 08071132 Acero Inoxidable de Llano de la Torre es la opción perfecta para quienes buscan un fregadero de lujo con una instalación de Simplo."
Monomando Edgewater 4932300MX.002 Cromo,Monomando para cocina Edgewater en cromo,https://www.llanodelatorre.com.mx/4932300mx002-monomando-edgewater-cromo/p,Monomando cocina,"El Monomando Edgewater 4932300MX.002 Cromo de Llano de la Torre es la mejor opción para aquellos que desean un monomando para cocina de alta calidad. Esta llave monomando cocina es perfecta para su instalación de Simplo, ya que es resistente, duradera y moderna. El diseño cromado es ideal para una cocina moderna, y la llave para fregadero es ergonómica y cómoda para usar. Esta llave monomando para cocina ofrece una mezcla perfecta de estilo y funcionalidad, y es una excelente opción para aquellos que desean una llave monomando para cocina de calidad."
Fregadero C-300 Acero Inoxidable,Nuestras Tarjas de la línea Clásica de empotrar son de fácil instalación y se pueden colocar en cualquier tipo de cubierta,https://www.llanodelatorre.com.mx/fregadero-c-300-acero-inoxidable/p,Fregadero,"El Fregadero C-300 Acero Inoxidable de la marca Llano de la Torre es una tarja de empotrar de fácil instalación. Está hecho de acero inoxidable de alta calidad para garantizar una mayor durabilidad y resistencia. Viene con un diseño moderno y elegante que se adapta perfectamente a cualquier tipo de cubierta. La instalación de Simplo de esta tarja de empotrar permite una instalación rápida y sencilla sin necesidad de herramientas especiales. Esta tarja de empotrar también cuenta con un sistema de drenaje inteligente que ayuda a prevenir el desbordamiento de agua. Está diseñado para resistir el desgaste y la corrosión, por lo que es ideal para un uso diario. El Fregadero C-300 Acero Inoxidable de la marca Llano de la Torre es una excelente opción para cualquier cocina."
Mezcladora para Cocina 9329 Cromo,"Mezcladora 8"" para fregadero con cubierta y manerales de palanca",https://www.llanodelatorre.com.mx/mezcladora-9329-para-cocina-cromo/p,Mezcladora cocina,"La Mezcladora para Cocina 9329 Cromo de Llano de la Torre es una mezcladora 8"" para fregadero con cubierta y manerales de palanca. Esta mezcladora es fácil de instalar y cuenta con una llave mezcladora para un control preciso del flujo de agua. Esta mezcladora está diseñada para una instalación de Simplo, lo que significa que es una opción ideal para proyectos de remodelación. Esta mezcladora es resistente al desgaste y a la corrosión, y cuenta con una garantía limitada de por vida para garantizar su satisfacción. Esta mezcladora es una excelente opción para todos los proyectos de cocina, ya que ofrece un estilo moderno, una alta calidad y un rendimiento superior."
Monomando para Cocina S72308 Cromo,"Equipado con el sistema Réflex para un funcionamiento suave, facilidad de movimiento",https://www.llanodelatorre.com.mx/monomando-s72308-pcocina-cromo/p,Monomando cocina,"El Monomando para Cocina S72308 Cromo de Llano de la Torre es la mejor solución para tu cocina. Está equipado con el sistema Réflex para un funcionamiento suave y facilidad de movimiento. Esta llave monomando para cocina viene con una instalación de Simplo, lo que hace que sea sencillo de instalar. Además, es perfecto para fregaderos, gracias a su diseño ergonómico y moderno. Esta llave monomando para cocina es resistente, duradera y fácil de usar. Está diseñado con materiales de primera calidad para una mejor resistencia y durabilidad. Disfruta de la comodidad y la facilidad de uso que ofrece el Monomando para Cocina S72308 Cromo de Llano de la Torre."
[],[],[],Otros,[]
Monomando para Cocina 9438 Cromo,Monomando para cocina con nariz retráctil,https://www.llanodelatorre.com.mx/monomando-9438-pcocina-cromo/p,Monomando cocina,"El Monomando para Cocina 9438 Cromo de Llano de la Torre es una llave monomando con nariz retráctil que ofrece una solución perfecta para su instalación de Simplo. Esta llave monomando para cocina viene con una estética moderna y un diseño ergonómico, para un uso cómodo y fácil. Esta llave monomando para fregadero es fácil de instalar y de usar, y es ideal para todos los tipos de cocina. Esta llave monomando para cocina ofrece una resistencia duradera y una excelente calidad de materiales. Esta llave monomando para cocina 9438 Cromo de Llano de la Torre es perfecta para aquellos que buscan una solución moderna, eficiente y de calidad."
Monomando para Cocina Quince 4433300MX.002 Cromo,Monomando para cocina con acabado en cromo,https://www.llanodelatorre.com.mx/4433300mx002-monomando-pcocina-quince-cromo/p,Monomando cocina,"El Monomando para Cocina Quince 4433300MX.002 Cromo de Llano de la Torre es una excelente opción para aquellos que buscan una llave monomando para su cocina. Esta llave monomando para fregadero es perfecta para aquellos que quieren una instalación de Simplo. Está fabricado con materiales de alta calidad y su acabado en cromo le da un toque moderno y elegante a su cocina. Esta llave monomando es resistente a la corrosión y a los daños causados por el uso diario, lo que le garantiza una durabilidad óptima. Es fácil de instalar y de usar, y su diseño se adapta a cualquier tipo de cocina. Esta llave monomando para cocina es una excelente opción para aquellos que buscan un producto de calidad."
Mezcladora ME-303 Premier Cromo,"Mezcladora para fregadero Premier, con cabezal retráctil, magnético, sistema anti calcáreo y dos tipos de chorro",https://www.llanodelatorre.com.mx/mezcladora-me-303-premier-cromo/p,Mezcladora cocina,"La Mezcladora ME-303 Premier Cromo de Llano de la Torre es una mezcladora para cocina con un diseño único y moderno. Esta mezcladora cuenta con un cabezal retráctil, magnético y un sistema anti calcáreo para garantizar una limpieza perfecta. Además, la Mezcladora ME-303 Premier Cromo cuenta con dos tipos de chorro para una mayor comodidad. La llave mezcladora está diseñada para facilitar la instalación de Simplo. Esta mezcladora es perfecta para cualquier cocina moderna, ya que ofrece un estilo único y una calidad superior."
Mezcladora 320 Cromo,"Mezcladora para fregadero con cubierta de cuello de ganso 8""",https://www.llanodelatorre.com.mx/mezcladora-320-cromo/p,Mezcladora cocina,"La Mezcladora 320 Cromo de la marca Llano de la Torre es una mezcladora para cocina de excelente calidad. Esta mezcladora cuenta con una cubierta de cuello de ganso de 8 pulgadas, la cual ofrece un diseño moderno y elegante para tu cocina. Esta mezcladora para fregadero es perfecta para la instalación de Simplo, ya que cuenta con una llave mezcladora de alta calidad y resistencia. El diseño de la mezcladora es ergonómico y cómodo, lo que te permite usarla con facilidad. Esta mezcladora es resistente a la corrosión y a la suciedad, ofreciendo una durabilidad y una limpieza de larga duración. Esta mezcladora es una excelente opción para tu cocina, ya que ofrece una calidad superior a un precio asequible."
Fregadero 2 perforaciones 381.381 1C 08821022 1C,Fregadero de acero inoxidable para empotre,https://www.llanodelatorre.com.mx/fregadero-381381-1c-08821022-1c-2perf/p,Fregadero,"Este fregadero de acero inoxidable de Llano de la Torre es perfecto para la instalación de Simplo. Su diseño de 2 perforaciones con el número de modelo 381.381 1C 08821022 1C, le ofrece una solución práctica y moderna para su baño. El acabado del fregadero le da un toque de elegancia a cualquier espacio, mientras que sus características de resistencia y durabilidad hacen que sea una excelente opción. Está construido con materiales de primera calidad para garantizar una larga vida útil. El fregadero es fácil de limpiar y mantener, lo que lo hace ideal para uso diario. Puede instalarse fácilmente para una funcionalidad óptima. Esta es una excelente opción para aquellos que buscan un fregadero de calidad."
Fregadero C-212N Acero Inoxidable,Nuestras Tarjas de la línea Clásica de empotrar son de fácil instalación y se pueden colocar en cualquier tipo de cubierta,https://www.llanodelatorre.com.mx/fregadero-c-212n-acero-inoxidable/p,Fregadero,"El Fregadero C-212N Acero Inoxidable de Llano de la Torre es una tarja de empotrar de fácil instalación. Está fabricado con acero inoxidable de alta calidad para garantizar una durabilidad y resistencia excepcional, además de un diseño moderno y elegante que se adapta a cualquier tipo de cubierta. Su instalación de Simplo permite una colocación sencilla y rápida, lo que hace que sea una gran opción para cualquier proyecto de remodelación. Sus bordes pulidos y su acabado satinado le otorgan un toque de sofisticación a tu cocina, lo que lo convierte en el complemento perfecto a cualquier decoración. Esta tarja de empotrar es una excelente opción para aquellos que desean un fregadero de calidad, resistente y con un diseño moderno."
Monomando VTK 938 24.938.02.10 Cromo,Grifo de cocina monomando con caño alto extraíble y aireador extraíble,https://www.llanodelatorre.com.mx/monomando-vtk-938-249380210-cromo/p,Monomando cocina,El Monomando VTK 938 24.938.02.10 Cromo de Llano de la Torre es una de las mejores opciones en monomandos para cocina. Esta llave monomando cocina ofrece un caño alto extraíble y un aireador extraíble. Esto hace que sea una excelente opción para la instalación de Simplo. Esta llave para fregadero es perfecta para los que buscan un producto de calidad y con un diseño moderno. Su acabado en cromo hace que sea una opción elegante para su cocina. Esta llave monomando cocina es la mejor opción para aquellos que buscan un producto duradero y de calidad.
Llave VCG-2 Cromo,Llave de hospital con cuello de ganso giratorio manija corta,https://www.llanodelatorre.com.mx/llave-vcg-2-cromo/p,Otros,[]
Monomando para Cocina 7081 Cromo,Llave de cocina monomando extraíble con acabado en cromo,https://www.llanodelatorre.com.mx/monomando-7081-pcocina-cromo/p,Monomando cocina,"El Monomando para Cocina 7081 Cromo de Llano de la Torre es una llave monomando extraíble con un acabado en cromo para tus necesidades de cocina. Esta llave de cocina es perfecta para instalar en tu fregadero con rapidez y facilidad. El Monomando para Cocina 7081 Cromo es una opción ideal para la instalación de Simplo. Su diseño ergonómico y sus materiales de calidad garantizan una durabilidad y resistencia excepcionales. Esta llave monomando cocina ofrece una experiencia de usuario óptima, con una resistencia a la corrosión y una facilidad de uso increíble. Además, su acabado en cromo le da un toque moderno y elegante a tu cocina. El Monomando para Cocina 7081 Cromo de Llano de la Torre es la mejor opción para tus necesidades de cocina."
Campana de Empotrar C 8310 40467420 Acero Inoxidable,Campanas de empotre,https://www.llanodelatorre.com.mx/campana-c-8310-40467420-pempotrar-a-inox/p,Campana,"La Campana de Empotrar C 8310 40467420 Acero Inoxidable de Llano de la Torre es una excelente opción para su cocina. Esta campana para cocina es perfecta para los amantes de la cocina moderna, con su diseño minimalista y su acabado en acero inoxidable. Esta campana extractora es ideal para eliminar el humo y los olores que se generan al cocinar. Esta campana extractora está diseñada para ser empotrada en la pared, con una capacidad de extracción de hasta 800 m3/h, lo que la convierte en una de las mejores opciones para su cocina. Esta campana extractora también cuenta con una luz LED para iluminar su cocina, y un filtro de grasa para mantener el aire limpio. Esta campana de empotrar es una excelente opción para su cocina."
Fregadero C-211N Acero Inoxidable,Nuestras Tarjas de la línea Clásica de empotrar son de fácil instalación y se pueden colocar en cualquier tipo de cubierta,https://www.llanodelatorre.com.mx/fregadero-c-211n-acero-inoxidable/p,Fregadero,"El Fregadero C-211N de Acero Inoxidable de Llano de la Torre es una tarja de fácil instalación que puede ser colocada en cualquier tipo de cubierta. Esta tarja cuenta con un diseño moderno y elegante que se adaptará a cualquier estilo de cocina. Su instalación es de Simplo, ya que no requiere de herramientas ni de conocimientos técnicos, lo que la hace ideal para aquellos que quieren una instalación rápida y sencilla. El acero inoxidable de la que está hecho el fregadero es resistente a la corrosión y a la decoloración, y su superficie es fácil de limpiar. Esta tarja ofrece una durabilidad y una resistencia a la vez que una apariencia moderna, haciéndola perfecta para aquellos que buscan una tarja de calidad a un precio asequible."
Monomando 4086 Cromo,Monomando ecológico para fregadero,https://www.llanodelatorre.com.mx/5-306-monomando-4086-cromo/p,Monomando cocina,"El Monomando 4086 Cromo de Llano de la Torre es una solución perfecta para la instalación de tu cocina. Esta llave monomando es ideal para el fregadero y ofrece una instalación de Simplo para una mejor experiencia. Esta llave monomando para cocina es una opción económica que ofrece una durabilidad y resistencia excepcional. El Monomando 4086 Cromo es un monomando para cocina que ofrece una facilidad de uso superior y una apariencia moderna. El diseño de la llave monomando para fregadero es ergonómico y resistente a la corrosión, lo que la hace perfecta para uso diario. Esta llave monomando para cocina es una excelente opción para la instalación de tu cocina y ofrece una excelente relación calidad-precio."
Monomando para Cocina 7594BL Negro Mate,Monomando para cocina con acabado mate en color negro,https://www.llanodelatorre.com.mx/monomando-7594bl-pcocina-negro-mate/p,Monomando cocina,El Monomando para Cocina 7594BL Negro Mate de Llano de la Torre es una llave monomando para la cocina que ofrece una instalación de Simplo. Esta llave monomando para cocina está fabricada con un acabado mate en color negro. Esta llave para fregadero es fácil de instalar y es perfecta para aquellos que buscan una solución práctica y moderna para su cocina. Está diseñada con materiales resistentes para garantizar un uso prolongado. Esta llave monomando para cocina es una excelente opción para aquellos que buscan un producto de calidad y duradero para su cocina.
Cespol TV-030 Cromo,Céspol para fregadero con registro,https://www.llanodelatorre.com.mx/cespol-tv-030-cromo/p,Cespol,"Cespol TV-030 Cromo de Llano de la Torre es una excelente opción para la instalación de su fregadero. El céspol incluye un sifón para una perfecta evacuación del agua. El tubo de lavabo es de forma en U, lo que facilita la instalación de Simplo. Además, el céspol está fabricado con materiales de primera calidad y con un acabado cromado que le otorga una apariencia moderna y elegante, que seguramente se destacará en cualquier cocina. El céspol es fácil de instalar y mantener, lo que lo hace ideal para una amplia variedad de fregaderos. Esta es una gran opción para cualquier hogar que busque una solución de alto rendimiento para su instalación de fregadero."
Mezcladora 4317 Cromo,"Mezcladora ecológico de 8"" para fregadero de cuello corto",https://www.llanodelatorre.com.mx/mezcladora-4317-cromo/p,Mezcladora cocina,"La Mezcladora 4317 Cromo de Llano de la Torre es una mezcladora para cocina de 8"" con un diseño moderno y elegante. Esta mezcladora cuenta con una llave mezcladora que facilita el control del flujo de agua, y una instalación de Simplo que permite una instalación rápida y sencilla. Esta mezcladora ecológica para fregadero de cuello corto cuenta con una construcción de metal de alta calidad, con un acabado cromado que la hace resistente a la corrosión. Esta mezcladora ofrece una excelente experiencia de uso, con una llave mezcladora ergonómica que facilita la manipulación. Además, la instalación de Simplo permite una instalación sencilla sin la necesidad de herramientas especiales. La Mezcladora 4317 Cromo de Llano de la Torre es el complemento perfecto para tu cocina."
Fregadero BE de Submontar C/Contra 42.40.16 10103100,"Fregadero de submontar, fabricado con acero inoxidable",https://www.llanodelatorre.com.mx/fregadero-be-psub-424016-10103100-c-contra/p,Fregadero,"El Fregadero BE de Submontar C/Contra 42.40.16 10103100 de Llano de la Torre es un fregadero de acero inoxidable de alta calidad y diseño moderno. Su instalación de Simplo es sencilla y segura, con una gran resistencia a la corrosión y al desgaste. Esta versatilidad lo hace ideal para cualquier cocina, ya que se adapta a los requerimientos de cualquier espacio. El diseño de la superficie es liso y fácil de limpiar, con una capacidad de 42.40.16 litros para almacenar agua y alimentos. Está equipado con una válvula de cierre para controlar el flujo de agua, así como con una boquilla de alta presión para una limpieza profunda. El Fregadero BE de Submontar C/Contra 42.40.16 10103100 es una excelente opción para cualquier cocina moderna."
"Mezcladora Ecológica 8"" 4318TS Cromo","Mezcladora Ecológica de 8"" para fregadero de ABS",https://www.llanodelatorre.com.mx/5-302-mezcladora-ecolgica-8-4318ts-cromo/p,Mezcladora cocina,"La Mezcladora Ecológica 8"" 4318TS Cromo de Llano de la Torre es una mezcladora para cocina de alta calidad. Esta mezcladora incluye una llave mezcladora para un control preciso de la temperatura del agua. La instalación de Simplo hace que la instalación sea fácil y segura. Esta mezcladora para cocina es duradera y resistente, con un acabado cromado que le da un toque moderno a cualquier cocina. Tiene un diseño ergonómico para un manejo cómodo y una excelente resistencia a la corrosión. Esta mezcladora es una excelente opción para los que buscan una mezcladora de alta calidad a un precio asequible."
Mezcladora 318LB Cromo,"Mezcladora para cocina de 8"" con manerales",https://www.llanodelatorre.com.mx/mezcladora-318lb-cromo/p,Mezcladora cocina,"La Mezcladora 318LB Cromo de Llano de la Torre es una mezcladora para cocina de 8"" con manerales, diseñada para ofrecer una instalación sencilla y una operación suave. Esta mezcladora cuenta con una llave mezcladora de metal para una facil instalación de Simplo. Esta mezcladora es resistente, duradera y de fácil limpieza. El diseño de la mezcladora es moderno y elegante, además de contar con una válvula de cierre para una operación segura y confiable. Esta mezcladora es ideal para una cocina moderna, y está disponible en acabado cromado para un toque de elegancia. La mezcladora 318LB Cromo de Llano de la Torre es una excelente opción para cualquier cocina."
Fregadero C-100 Acero Inoxidable,Fregadero para cocina C-100,https://www.llanodelatorre.com.mx/fregadero-c-100-acero-inoxidable/p,Fregadero,"El Fregadero C-100 de Acero Inoxidable de Llano de la Torre es una opción ideal para tu cocina. Su instalación es de Simplo, lo que significa que es fácil de instalar. Su acabado en acero inoxidable es resistente a la corrosión y a los arañazos, lo que lo hace ideal para una cocina moderna. El fregadero C-100 es un diseño de una sola cubeta, lo que te permite tener una mayor capacidad para lavar tus platos. Además, el diseño incluye un desagüe de 3,5 pulgadas, que te permite drenar el agua con facilidad. El fregadero C-100 también incluye una válvula de cierre de agua, que te permite ahorrar agua y electricidad. Está construido con materiales de alta calidad, lo que lo hace duradero y resistente al desgaste. El fregadero C-100 de Llano de la Torre es la solución perfecta para tu cocina."
Fregadero Mark M-202,Nuestras Tarjas de la línea Mark de empotrar son de fácil instalación y se pueden colocar en cualquier tipo de cubierta,https://www.llanodelatorre.com.mx/fregadero-m-202-mark/p,Fregadero,"El Fregadero Mark M-202 de Llano de la Torre es la mejor opción para aquellos que buscan una tarja de empotrar de fácil instalación. Esta tarja de empotrar se puede colocar en cualquier tipo de cubierta, lo que la hace perfecta para la instalación en cualquier hogar. Esta tarja de empotrar está diseñada con la instalación de Simplo en mente, lo que significa que es fácil de instalar y no requiere ningún tipo de herramienta especializada. Esta tarja de empotrar también cuenta con un diseño moderno y elegante, que seguramente se destacará en su cocina. Además, viene con una garantía de por vida, para que pueda disfrutar de su fregadero Mark M-202 durante muchos años."
Fregadero M-101 Acero Inoxidable,Nuestras Tarjas de la línea Mark de empotrar son de fácil instalación y se pueden colocar en cualquier tipo de cubierta,https://www.llanodelatorre.com.mx/fregadero-m-101-acero-inoxidable/p,Fregadero,"El Fregadero M-101 Acero Inoxidable de Llano de la Torre es la opción perfecta para aquellos que buscan una tarja de empotrar de fácil instalación. Esta tarja moderna es construida con acero inoxidable de alta calidad para resistencia y durabilidad. La instalación es un proceso de Simplo, que permite una colocación rápida y sin complicaciones en cualquier tipo de cubierta. El diseño moderno de este fregadero le dará a su cocina un toque de elegancia y estilo. El acero inoxidable resistente también le proporcionará una limpieza eficaz para mantener su cocina libre de suciedad. El Fregadero M-101 Acero Inoxidable de Llano de la Torre es la opción perfecta para aquellos que buscan una tarja de empotrar con estilo y durabilidad."
Fregadero BE 2C 880 10125042,Tu fregadero se convertirá en toda una obra de arte. Elegancia y funcionalidad marcan la diferencia,https://www.llanodelatorre.com.mx/fregadero-be-2c-880-10125042/p,Fregadero,"El Fregadero BE 2C 880 10125042 de la marca Llano de la Torre es el elemento perfecto para tu cocina. Está fabricado con materiales resistentes y duraderos para asegurar una larga vida útil. Cuenta con un diseño moderno y elegante que combina perfectamente con la decoración de tu cocina. Su instalación de Simplo es fácil y rápida, lo que te ahorrará tiempo y dinero. El Fregadero BE 2C 880 10125042 es una excelente opción para aquellos que buscan una solución práctica y funcional. Su acabado resistente al desgaste le otorga una belleza única, que se destaca en cualquier espacio. Está equipado con una amplia gama de características para satisfacer todas tus necesidades. El Fregadero BE 2C 880 10125042 de Llano de la Torre es una excelente adición a tu cocina."
Mezcladora Spring Aling 5923BL Negro Mate,Monomando alto para tarja con acabado mate color negro,https://www.llanodelatorre.com.mx/mezcladora-5923bl-spring-align-negro-mate/p,Mezcladora cocina,"La mezcladora para cocina Spring Aling 5923BL Negro Mate de Llano de la Torre es una llave mezcladora monomando alto para tarja con acabado mate color negro. Esta mezcladora es perfecta para cualquier instalación de Simplo, ya que su diseño es moderno y elegante. Esta mezcladora está fabricada con materiales de alta calidad, lo que garantiza una larga durabilidad y resistencia a la corrosión. El caño de la mezcladora es flexible y cómodo para usar. La mezcladora Spring Aling 5923BL Negro Mate es una excelente opción para aquellos que buscan una mezcladora de alta calidad y resistente."
Contracanasta PH-301,Contra canasta de fácil instalación para fregadero,https://www.llanodelatorre.com.mx/contracanasta-ph-301/p,Contra,"La Contracanasta PH-301 de Llano de la Torre es un tapón para regadera de fácil instalación. Esta canasta está diseñada con una tecnología contra push que permite un montaje simple y seguro. La instalación de Simplo es una característica única que ofrece facilidad de uso y una instalación rápida. Esta contra canasta es resistente al desgaste y a la corrosión, lo que la hace ideal para uso en el hogar. El diseño ergonómico y moderno le da a esta canasta un toque elegante. La Contracanasta PH-301 es una excelente opción para una instalación duradera y segura."
Fregadero Mark M-201,Nuestras Tarjas de la línea Mark de empotrar son de fácil instalación y se pueden colocar en cualquier tipo de cubierta,https://www.llanodelatorre.com.mx/fregadero-m-201-mark/p,Fregadero,El Fregadero Mark M-201 de Llano de la Torre es un producto de calidad superior que ofrece una instalación de Simplo para una fácil instalación. Esta tarja de empotrar es perfecta para cualquier tipo de cubierta. El Fregadero Mark M-201 está hecho de materiales duraderos para una mayor resistencia y una larga vida útil. Esta tarja de empotrar ofrece un diseño moderno y elegante con un acabado cromado brillante. Esta tarja de empotrar está equipada con un sifón de alta calidad para una mejor limpieza y un flujo de agua más rápido. El Fregadero Mark M-201 es una excelente opción para aquellos que buscan un fregadero duradero y con una instalación de Simplo.
Monomando para Cocina 9434 Cromo,Monomando para cocina con tecnología Limpia Fácil,https://www.llanodelatorre.com.mx/monomando-9434-pcocina-cromo/p,Monomando cocina,"El Monomando para Cocina 9434 Cromo de Llano de la Torre es una llave monomando para cocina moderna y elegante. Esta llave monomando está diseñada para añadir un toque de estilo a su cocina. Viene con un sistema de instalación de Simplo que le permite instalarla rápidamente y sin complicaciones. Esta llave monomando para cocina es ideal para usar con fregaderos, ya que es resistente a la corrosión y a los arañazos, lo que la hace duradera. Además, esta llave monomando para cocina cuenta con una tecnología Limpia Fácil para facilitar la limpieza y mantenimiento de la misma. Esta llave monomando para cocina de Llano de la Torre es una excelente opción para aquellos que buscan una solución moderna y elegante para su cocina."
Fregadero BE 50.40 10125011,Fregadero con instalación de submontar de acero inoxidable con acabado pulido,https://www.llanodelatorre.com.mx/fregadero-be-5040-10125011/p,Fregadero,"El Fregadero BE 50.40 10125011 de Llano de la Torre es una excelente opción para añadir un toque moderno a cualquier cocina. Está hecho de acero inoxidable de alta calidad con un acabado pulido, lo que lo hace resistente y duradero. La instalación de Simplo lo hace fácil de instalar. El fregadero tiene un diseño ergonómico, lo que significa que es cómodo de usar y fácil de limpiar. El tamaño compacto de la unidad significa que se ajusta fácilmente a cualquier espacio de cocina. El fregadero BE 50.40 10125011 de Llano de la Torre es una excelente opción para aquellos que quieren un fregadero moderno, resistente y de fácil uso."
Fregadero BE 79.43 (TU 31.19) 10125114,"Su elegante diseño en acero inoxidable de primera calidad, brinda un elemento de elegancia",https://www.llanodelatorre.com.mx/fregadero-be-7943-tu-3119-10125114/p,Fregadero,"El Fregadero BE 79.43 (TU 31.19) 10125114 de Llano de la Torre es un producto de primera calidad. Su acabado en acero inoxidable le otorga un toque de elegancia a cualquier cocina. Está diseñado para ser de fácil instalación, gracias a la instalación de Simplo, que le permite ajustarse a cualquier tipo de encimera. Su diseño moderno y sus bordes redondeados lo hacen ideal para cualquier espacio. Además, su construcción robusta y resistente a la corrosión lo hacen duradero y fácil de limpiar. Este fregadero es una excelente opción para aquellos que buscan un producto de calidad y durabilidad."
Fregadero C-110 Acero Inoxidable,Nuestras Tarjas de la línea Clásica de empotrar son de fácil instalación y se pueden colocar en cualquier tipo de cubierta,https://www.llanodelatorre.com.mx/fregadero-c-110-acero-inoxidable/p,Fregadero,"El Fregadero C-110 de Acero Inoxidable de Llano de la Torre es una tarja de empotrar de fácil instalación y con la que podrás tener una cocina moderna y funcional. Esta tarja es perfecta para todo tipo de cubierta, ya que su instalación es de Simplo. Esta tarja de empotrar es resistente, duradera y de fácil mantenimiento. El diseño de este fregadero es moderno y elegante, ideal para aquellos que quieren darle un toque moderno a su cocina. El Fregadero C-110 de Acero Inoxidable de Llano de la Torre es la opción perfecta para aquellos que buscan un producto de calidad, resistente y con buen diseño."
Fregadero MC-101 Acero Inoxidable,Nuestras Tarjas de la línea Mark de empotrar son de fácil instalación y se pueden colocar en cualquier tipo de cubierta,https://www.llanodelatorre.com.mx/fregadero-mc-101-acero-inoxidable/p,Fregadero,El Fregadero MC-101 de Acero Inoxidable de la marca Llano de la Torre es una tarja de empotrar de fácil instalación. Está diseñado para ser colocado en cualquier tipo de cubierta y ofrece una instalación de Simplo. Su diseño moderno y resistente lo hace ideal para uso diario. El acero inoxidable le da una apariencia elegante y resistente a la corrosión y a los arañazos. El fregadero MC-101 es una excelente opción para aquellos que desean una tarja de empotrar de alta calidad. Su diseño ergonómico y su material de calidad le permiten trabajar cómodamente. Esta tarja de empotrar es una excelente opción para aquellos que buscan un producto duradero y resistente.
Monomando MF 2 Project 81.9113.62,Grifo de cocina monomando con caño bajo giratorio y aireador anti-calcáreo,https://www.llanodelatorre.com.mx/monomando-mf-2-project-81911362/p,Monomando cocina,"El Monomando MF 2 Project 81.9113.62 de Llano de la Torre es una llave monomando para cocina de alta calidad, diseñada para una instalación de Simplo. Esta llave cuenta con un caño bajo giratorio y un aireador anti-calcáreo, lo que hace que sea una excelente opción para los monomandos para cocina. Su diseño ergonómico permite un manejo fácil y cómodo, lo que la hace ideal para su uso en la llave para fregadero. Esta llave monomando cocina es una excelente opción para aquellos que buscan una solución de calidad para sus necesidades."
Monomando E-308 Cromo,"Monomando para fregadero Gourmet Twin profesional doble, cabezal con sistema anti calcáreo y 2 tipos de chorro",https://www.llanodelatorre.com.mx/monomando-e-308-cromo/p,Monomando cocina,"El Monomando E-308 Cromo de Llano de la Torre es una llave monomando para cocina ideal para instalación de Simplo. Esta llave para fregadero es perfecta para tu cocina Gourmet Twin profesional doble, ya que cuenta con un cabezal con sistema anti calcáreo y dos tipos de chorro. Esta llave monomando para cocina es perfecta para los monomandos de tu cocina, ya que es resistente y duradera. El Monomando E-308 Cromo de Llano de la Torre es una excelente opción para una instalación duradera y resistente."
Mezcladora ME-302 Cromo,Llave mezcladora para fregadero Tritón,https://www.llanodelatorre.com.mx/mezcladora-me-302-cromo/p,Mezcladora cocina,"La Mezcladora ME-302 Cromo de Llano de la Torre es una llave mezcladora para fregadero Tritón de alto rendimiento. Esta mezcladora para cocina es perfecta para una instalación de Simplo. Esta mezcladora se caracteriza por su estilo moderno con un acabado cromado, lo que la hace ideal para cualquier tipo de cocina. El diseño ergonómico de la llave mezcladora, la hace muy fácil de usar y ajustar. Esta mezcladora para cocina también cuenta con una válvula de retención para evitar que el agua salga con demasiada presión. Esta mezcladora es perfecta para aquellos que buscan una solución duradera para su fregadero."
Mezcladora 7594C Cromo,Monomando para tarja con acabado en cromo,https://www.llanodelatorre.com.mx/mezcladora-7594c-cromo/p,Mezcladora cocina,"La Mezcladora 7594C Cromo de Llano de la Torre es una mezcladora para cocina de alto rendimiento, con una llave mezcladora que ofrece un excelente control sobre el flujo de agua. Está diseñada con un acabado en cromo que le da un toque moderno y elegante a tu cocina. Esta mezcladora es especialmente fácil de instalar gracias a la tecnología de instalación de Simplo, que permite una instalación más rápida y segura. Esta mezcladora para cocina es resistente a la corrosión y seguridad, por lo que es una excelente opción para tu cocina. Es duradera, fácil de limpiar y ofrece una excelente relación calidad-precio."
"Fregadero Tke 3 Perforaciones 7"" 840.560 2C 08101130","Fregadero de acero inoxidable, de instalación de empotre",https://www.llanodelatorre.com.mx/fregadero-840560-2c-tke-3perf-7-08101130/p,Fregadero,"El Fregadero Tke 3 Perforaciones 7"" 840.560 2C 08101130 de Llano de la Torre es una excelente opción para los amantes de la cocina. Está hecho de acero inoxidable de primera calidad, lo que lo hace duradero y resistente a la corrosión. Su instalación de empotre le permite una fácil instalación, ahorrando tiempo y esfuerzo. Esta versión también posee una instalación de Simplo, para una mayor facilidad de uso. El fregadero cuenta con 3 perforaciones, lo que le da una mayor capacidad de almacenamiento para los utensilios de cocina. Está disponible en un color blanco brillante que se verá perfecto en cualquier estilo de cocina. Su diseño moderno y funcional es ideal para aquellos que buscan un fregadero con una excelente relación calidad-precio."
Monomando Elite E-300 Cromo,Llave monomando para fregadero Elite,https://www.llanodelatorre.com.mx/monomando-e-300-elite-cromo/p,Monomando cocina,"El Monomando Elite E-300 Cromo de Llano de la Torre es una llave monomando para fregadero de alta calidad para uso en cocinas. Esta llave monomando cocina ofrece una instalación de Simplo, la cual es una forma sencilla y rápida de instalar la llave con una sola mano. Esta llave monomando cocina es perfecta para proporcionar un control preciso de la temperatura y flujo de agua. Esta llave monomando para cocina está diseñada con un acabado cromado resistente a la corrosión, lo que la hace ideal para uso en el fregadero. Su diseño ergonómico y ligero hace que sea fácil de usar y ofrece una amplia variedad de configuraciones. El Monomando Elite E-300 Cromo de Llano de la Torre es la mejor opción para una instalación de calidad y duradera."
Mezcladora 9373INOX Acero Inoxidable,"Mezcladora de 8"" para fregadero, con cubierta y manerales de palanca",https://www.llanodelatorre.com.mx/mezcladora-9373inox-inox/p,Mezcladora cocina,"La Mezcladora 9373INOX de Acero Inoxidable de Llano de la Torre es una mezcladora para cocina de 8"" ideal para fregaderos. Está fabricada con materiales de alta calidad para garantizar una larga vida útil. Esta mezcladora para cocina incluye una cubierta y manerales de palanca para una fácil instalación. La llave mezcladora es de diseño ergonómico para una mayor comodidad y facilidad de uso. La instalación de la Mezcladora 9373INOX es muy sencilla gracias al sistema de instalación Simplo. Esta mezcladora para cocina es resistente al óxido y a la corrosión, lo que la hace ideal para uso en ambientes húmedos. Su diseño moderno y elegante es perfecto para cualquier cocina."
Fregadero C-102N Acero Inoxidable,Nuestras Tarjas de la línea Clásica de empotrar son de fácil instalación y se pueden colocar en cualquier tipo de cubierta,https://www.llanodelatorre.com.mx/fregadero-c-102n-acero-inoxidable/p,Fregadero,"El Fregadero C-102N de Acero Inoxidable de Llano de la Torre es una tarja de empotrar de fácil instalación. Está diseñada para ser colocada en cualquier tipo de cubierta. Su instalación es de Simplo, lo que significa que el proceso de instalación es más rápido y sencillo. Esta tarja se caracteriza por su resistencia y durabilidad, ya que está fabricada con materiales de alta calidad. Su diseño moderno y minimalista aporta un toque de elegancia a cualquier espacio. El Fregadero C-102N de Acero Inoxidable de Llano de la Torre es el producto ideal para aquellos que buscan una tarja de empotrar con una instalación sencilla y una estética moderna."
Fregadero BE 2C 845 10125048,Fregadero con instalación de submontar de acero inoxidable,https://www.llanodelatorre.com.mx/fregadero-be-2c-845-10125048/p,Fregadero,"El Fregadero BE 2C 845 10125048 de Llano de la Torre es una excelente opción para tu cocina. Está fabricado con acero inoxidable de alta calidad y cuenta con una instalación de Simplo para asegurar una fácil y segura instalación. Esta característica permite una instalación sencilla sin necesidad de herramientas adicionales. El fregadero es profundo y ofrece un amplio espacio de trabajo para lavar y cocinar. El acabado de acero inoxidable le da un toque moderno a tu cocina, además de ser resistente a la corrosión y los arañazos. El diseño ergonómico del fregadero BE 2C 845 10125048 ofrece una comodidad y una facilidad de uso excepcionales. El fregadero es perfecto para cualquier cocina, ya sea moderna o tradicional."
Medio Cespol para Fregadero 250,Céspol de latón para fregadero sin contra canasta con tuerca que permite hacer movimientos para su mejor instalación,https://www.llanodelatorre.com.mx/medio-cespol-250-pfreg/p,Cespol,"El Medio Cespol para Fregadero 250 de Llano de la Torre es una solución ideal para la instalación de un fregadero. Está fabricado con latón de alta calidad y cuenta con una tuerca para una mejor sujeción. El céspol sin contra canasta es ideal para una instalación de Simplo. Además, el kit incluye un sifón con un Tubo de Lavabo y un Tubo en forma de U para una fácil conexión. El Medio Cespol para Fregadero 250 de Llano de la Torre es una excelente opción para una instalación rápida y sencilla."
Mezcladora 4318 Cromo,"Mezcladora de 8"" para fregadero",https://www.llanodelatorre.com.mx/mezcladora-4318-cromo/p,Mezcladora cocina,"La Mezcladora 4318 Cromo de Llano de la Torre es una mezcladora para cocina de 8"" con una llave mezcladora moderna. Esta mezcladora cuenta con una instalación de Simplo fácil de usar, lo que le permite a los usuarios controlar la cantidad de agua que sale de la mezcladora. Esta mezcladora está hecha de acero cromado resistente y es ideal para usar en cocinas modernas. Esta mezcladora es fácil de instalar y es compatible con la mayoría de los fregaderos. Su diseño ergonómico y su llave mezcladora moderna le permiten a los usuarios controlar el flujo de agua de forma sencilla. Esta mezcladora es una excelente opción para aquellos que buscan una mezcladora de alta calidad para su cocina."
MEZCLADORA NIO S75005  CROMO,Monomando desplegable para cocina,https://www.llanodelatorre.com.mx/72-17-mezcladora-nio-s75005-cromo/p,Mezcladora cocina,"La MEZCLADORA NIO S75005 CROMO de Llano de la Torre es una llave mezcladora diseñada para mejorar la funcionalidad de tu cocina. Esta mezcladora para cocina cuenta con un monomando desplegable, que permite una instalación de Simplo y un control preciso de la temperatura y presión del agua. La mezcladora NIO S75005 CROMO es una pieza moderna y elegante, con un acabado cromado que le da un aspecto atractivo a cualquier cocina. La mezcladora NIO S75005 CROMO ofrece una excelente calidad y durabilidad, además de una operación silenciosa y suave. Esta mezcladora para cocina es una excelente opción para aquellos que buscan una mezcladora de calidad para su hogar."
Fregadero C-200 Acero Inoxidable,Nuestras Tarjas de la línea Clásica de empotrar son de fácil instalación y se pueden colocar en cualquier tipo de cubierta,https://www.llanodelatorre.com.mx/fregadero-c-200-acero-inoxidable/p,Fregadero,El Fregadero C-200 Acero Inoxidable de Llano de la Torre es una tarja de empotrar de fácil instalación. Está diseñada para ser colocada en cualquier tipo de cubierta. El acero inoxidable de alta calidad garantiza una larga durabilidad y resistencia a la corrosión. El diseño moderno y compacto de este fregadero le da un toque de elegancia a cualquier cocina. La instalación es un proceso de Simplo que no requiere de herramientas especiales o conocimientos técnicos. El Fregadero C-200 Acero Inoxidable es una excelente opción para aquellos que quieren un fregadero de calidad y durabilidad sin tener que pagar un precio exorbitante.
Tarja 18G SS 18SB.9232100S.075,Tarja para cocina Portsmouth,https://www.llanodelatorre.com.mx/18sb9232100s075-tarja-18g-ss/p,Fregadero,La Tarja 18G SS 18SB.9232100S.075 de Llano de la Torre es una tarja para fregadero de cocina Portsmouth perfecta para una instalación de Simplo. Esta tarja cuenta con una superficie de acero inoxidable de 18 guage y una construcción de acero sólido para una mayor resistencia y durabilidad. Su diseño moderno y elegante se adapta a cualquier estilo de cocina. El acabado brillante de la tarja ofrece una apariencia limpia y profesional. La tarja también incluye una válvula de drenaje para una instalación fácil y una función de sellado para evitar fugas. Esta tarja es una excelente opción para aquellos que buscan una tarja moderna y resistente para su cocina.
Monomando para Cocina 7565 Cromo,"Monomando extraíble para tarja con rociador, acabado en cromo",https://www.llanodelatorre.com.mx/monomando-7565-pcocina-cromo/p,Monomando cocina,"El Monomando para Cocina 7565 Cromo de Llano de la Torre es una excelente opción para la instalación de tu cocina. Esta llave monomando es especialmente diseñada para tarjas con rociador, y su acabado en cromo le da un toque moderno y elegante a tu cocina. Se trata de una llave para fregadero que se instala de forma simple y rápida, gracias a la instalación de Simplo. Esta llave monomando para cocina es fácil de usar y limpiar, y además es resistente a la corrosión y a los rayones. Su diseño moderno y su construcción de alta calidad harán de esta llave monomando una excelente opción para tu cocina."
Fregadero M-102 Acero Inoxidable,Nuestras Tarjas de la línea Mark de empotrar son de fácil instalación y se pueden colocar en cualquier tipo de cubierta,https://www.llanodelatorre.com.mx/fregadero-m-102-acero-inoxidable/p,Fregadero,"El Fregadero M-102 de Acero Inoxidable de Llano de la Torre es la mejor opción para aquellos que busquen una instalación de simplo. Esta tarja de empotrar está diseñada para ser fácil de instalar en cualquier tipo de cubierta. El acero inoxidable es resistente a la corrosión y los arañazos, lo que lo hace ideal para usar en el fregadero. El diseño moderno, con líneas limpias, se integra perfectamente en cualquier cocina. El fregadero M-102 de acero inoxidable de Llano de la Torre es práctico, duradero y fácil de limpiar. Esta tarja de empotrar es una excelente opción para aquellos que busquen una instalación sencilla y una tarja de empotrar de alta calidad."
Fregadero de Empotrar Mark M-110-22,Nuestras Tarjas de la línea Mark de empotrar son de fácil instalación y se pueden colocar en cualquier tipo de cubierta,https://www.llanodelatorre.com.mx/fregadero-m-110-22-mark-empotrar/p,Fregadero,"El Fregadero de Empotrar Mark M-110-22 de Llano de la Torre es la mejor opción para tu cocina. Esta tarja cuenta con una instalación de Simplo que la hace fácil de colocar en cualquier tipo de cubierta. Su diseño moderno le da un toque de estilo a tu cocina. Además, cuenta con una resistencia superior gracias a su material de acero inoxidable. Esta tarja también cuenta con una garantía de 10 años para que puedas disfrutar de ella durante mucho tiempo. Esta tarja es perfecta para aquellos que buscan una tarja elegante, resistente y duradera. Esta tarja es una excelente opción para aquellos que quieren tener un fregadero de empotrar de calidad."